timestamp,hour,station_id,wmo_id,station_name,state,city,latitude,longitude,elevation_m,zone,sensor_hardware,temperature,humidity,pressure,wind_speed,wind_direction,precipitation,solar_radiation,battery_voltage,ground_truth_anomaly,data_provenance,is_live_current
2026-09-21T12:00:00,12,DEL01,42182,New Delhi (Safdarjung),Delhi,New Delhi,28.584,77.206,216,North Plains,"PT100 4-Wire RTD, Vaisala PTB210 Barometer, Young 05103 Wind Monitor",33.3,44.0,987.1,1.14,331.0,0.0,715.8,13.57,None,Authentic WMO/IMD Station Observation (IST),
2026-09-21T13:00:00,13,DEL01,42182,New Delhi (Safdarjung),Delhi,New Delhi,28.584,77.206,216,North Plains,"PT100 4-Wire RTD, Vaisala PTB210 Barometer, Young 05103 Wind Monitor",33.6,43.0,986.1,1.17,340.0,0.0,705.7,13.62,None,Authentic WMO/IMD Station Observation (IST),
2026-09-21T14:00:00,14,DEL01,42182,New Delhi (Safdarjung),Delhi,New Delhi,28.584,77.206,216,North Plains,"PT100 4-Wire RTD, Vaisala PTB210 Barometer, Young 05103 Wind Monitor",33.7,44.0,985.0,1.38,341.0,0.0,616.5,13.47,None,Authentic WMO/IMD Station Observation (IST),
2026-09-21T15:00:00,15,DEL01,42182,New Delhi (Safdarjung),Delhi,New Delhi,28.584,77.206,216,North Plains,"PT100 4-Wire RTD, Vaisala PTB210 Barometer, Young 05103 Wind Monitor",33.2,45.0,984.3,1.75,347.0,0.1,454.9,13.21,None,Authentic WMO/IMD Station Observation (IST),
2026-09-21T16:00:00,16,DEL01,42182,New Delhi (Safdarjung),Delhi,New Delhi,28.584,77.206,216,North Plains,"PT100 4-Wire RTD, Vaisala PTB210 Barometer, Young 05103 Wind Monitor",32.6,48.0,983.9,1.57,343.0,0.0,275.0,12.91,None,Authentic WMO/IMD Station Observation (IST),
2026-09-21T17:00:00,17,DEL01,42182,New Delhi (Safdarjung),Delhi,New Delhi,28.584,77.206,216,North Plains,"PT100 4-Wire RTD, Vaisala PTB210 Barometer, Young 05103 Wind Monitor",32.6,48.0,984.0,1.96,345.0,0.0,102.8,12.56,None,Authentic WMO/IMD Station Observation (IST),
2026-09-21T18:00:00,18,DEL01,42182,New Delhi (Safdarjung),Delhi,New Delhi,28.584,77.206,216,North Plains,"PT100 4-Wire RTD, Vaisala PTB210 Barometer, Young 05103 Wind Monitor",31.5,52.0,984.4,1.61,355.0,0.0,0.0,12.35,None,Authentic WMO/IMD Station Observation (IST),
2026-09-21T19:00:00,19,DEL01,42182,New Delhi (Safdarjung),Delhi,New Delhi,28.584,77.206,216,North Plains,"PT100 4-Wire RTD, Vaisala PTB210 Barometer, Young 05103 Wind Monitor",30.7,56.0,984.9,1.31,7.0,0.0,0.0,12.21,None,Authentic WMO/IMD Station Observation (IST),
2026-09-21T20:00:00,20,DEL01,42182,New Delhi (Safdarjung),Delhi,New Delhi,28.584,77.206,216,North Plains,"PT100 4-Wire RTD, Vaisala PTB210 Barometer, Young 05103 Wind Monitor",29.8,63.0,985.5,1.0,3.0,0.0,0.0,12.35,None,Authentic WMO/IMD Station Observation (IST),
2026-09-21T21:00:00,21,DEL01,42182,New Delhi (Safdarjung),Delhi,New Delhi,28.584,77.206,216,North Plains,"PT100 4-Wire RTD, Vaisala PTB210 Barometer, Young 05103 Wind Monitor",29.4,65.0,985.9,0.65,356.0,0.0,0.0,12.42,None,Authentic WMO/IMD Station Observation (IST),
2026-09-21T22:00:00,22,DEL01,42182,New Delhi (Safdarjung),Delhi,New Delhi,28.584,77.206,216,North Plains,"PT100 4-Wire RTD, Vaisala PTB210 Barometer, Young 05103 Wind Monitor",29.0,67.0,985.8,0.62,346.0,0.0,0.0,12.42,None,Authentic WMO/IMD Station Observation (IST),
2026-09-21T23:00:00,23,DEL01,42182,New Delhi (Safdarjung),Delhi,New Delhi,28.584,77.206,216,North Plains,"PT100 4-Wire RTD, Vaisala PTB210 Barometer, Young 05103 Wind Monitor",29.1,69.0,985.5,0.57,52.0,0.0,0.0,12.36,None,Authentic WMO/IMD Station Observation (IST),
2026-09-22T00:00:00,0,DEL01,42182,New Delhi (Safdarjung),Delhi,New Delhi,28.584,77.206,216,North Plains,"PT100 4-Wire RTD, Vaisala PTB210 Barometer, Young 05103 Wind Monitor",28.4,71.0,985.2,0.32,39.0,0.0,0.0,12.3,None,Authentic WMO/IMD Station Observation (IST),
2026-09-22T01:00:00,1,DEL01,42182,New Delhi (Safdarjung),Delhi,New Delhi,28.584,77.206,216,North Plains,"PT100 4-Wire RTD, Vaisala PTB210 Barometer, Young 05103 Wind Monitor",27.9,72.0,985.0,0.53,41.0,0.0,0.0,12.32,None,Authentic WMO/IMD Station Observation (IST),
2026-09-22T02:00:00,2,DEL01,42182,New Delhi (Safdarjung),Delhi,New Delhi,28.584,77.206,216,North Plains,"PT100 4-Wire RTD, Vaisala PTB210 Barometer, Young 05103 Wind Monitor",27.3,74.0,984.8,0.71,39.0,0.0,0.0,12.35,None,Authentic WMO/IMD Station Observation (IST),
2026-09-22T03:00:00,3,DEL01,42182,New Delhi (Safdarjung),Delhi,New Delhi,28.584,77.206,216,North Plains,"PT100 4-Wire RTD, Vaisala PTB210 Barometer, Young 05103 Wind Monitor",27.0,75.0,984.6,0.67,42.0,0.0,0.0,12.42,None,Authentic WMO/IMD Station Observation (IST),
2026-09-22T04:00:00,4,DEL01,42182,New Delhi (Safdarjung),Delhi,New Delhi,28.584,77.206,216,North Plains,"PT100 4-Wire RTD, Vaisala PTB210 Barometer, Young 05103 Wind Monitor",26.7,77.0,984.9,0.5,53.0,0.0,0.0,12.45,None,Authentic WMO/IMD Station Observation (IST),
2026-09-22T05:00:00,5,DEL01,42182,New Delhi (Safdarjung),Delhi,New Delhi,28.584,77.206,216,North Plains,"PT100 4-Wire RTD, Vaisala PTB210 Barometer, Young 05103 Wind Monitor",26.5,78.0,984.9,0.25,360.0,0.0,0.0,12.24,None,Authentic WMO/IMD Station Observation (IST),
2026-09-22T06:00:00,6,DEL01,42182,New Delhi (Safdarjung),Delhi,New Delhi,28.584,77.206,216,North Plains,"PT100 4-Wire RTD, Vaisala PTB210 Barometer, Young 05103 Wind Monitor",26.3,79.0,985.2,0.21,315.0,0.0,21.6,12.36,None,Authentic WMO/IMD Station Observation (IST),
2026-09-22T07:00:00,7,DEL01,42182,New Delhi (Safdarjung),Delhi,New Delhi,28.584,77.206,216,North Plains,"PT100 4-Wire RTD, Vaisala PTB210 Barometer, Young 05103 Wind Monitor",27.5,74.0,985.8,0.32,309.0,0.0,148.2,12.66,None,Authentic WMO/IMD Station Observation (IST),
2026-09-22T08:00:00,8,DEL01,42182,New Delhi (Safdarjung),Delhi,New Delhi,28.584,77.206,216,North Plains,"PT100 4-Wire RTD, Vaisala PTB210 Barometer, Young 05103 Wind Monitor",29.3,69.0,986.4,0.25,349.0,0.0,338.9,13.05,None,Authentic WMO/IMD Station Observation (IST),
2026-09-22T09:00:00,9,DEL01,42182,New Delhi (Safdarjung),Delhi,New Delhi,28.584,77.206,216,North Plains,"PT100 4-Wire RTD, Vaisala PTB210 Barometer, Young 05103 Wind Monitor",31.0,58.0,986.7,0.4,353.0,0.0,528.6,13.33,None,Authentic WMO/IMD Station Observation (IST),
2026-09-22T10:00:00,10,DEL01,42182,New Delhi (Safdarjung),Delhi,New Delhi,28.584,77.206,216,North Plains,"PT100 4-Wire RTD, Vaisala PTB210 Barometer, Young 05103 Wind Monitor",32.3,51.0,986.8,0.9,304.0,0.0,681.9,13.6,None,Authentic WMO/IMD Station Observation (IST),
2026-09-22T11:15:00,11,DEL01,42182,New Delhi (Safdarjung),Delhi,New Delhi,28.584,77.206,216,North Plains,"PT100 4-Wire RTD, Vaisala PTB210 Barometer, Young 05103 Wind Monitor",33.0,48.0,986.6,1.07,298.0,0.0,765.1,13.8,None,Live Real-Time IMD/AWS Ground Observation (IST),True
2026-09-21T12:00:00,12,DEL02,42181,New Delhi (Palam Airport),Delhi,New Delhi,28.566,77.098,237,North Plains,"PT100 RTD, Setra 278 Barometer, Gill Ultrasonic Anemometer",33.2,46.0,985.9,1.25,307.0,0.0,724.0,13.71,None,Authentic WMO/IMD Station Observation (IST),
2026-09-21T13:00:00,13,DEL02,42181,New Delhi (Palam Airport),Delhi,New Delhi,28.566,77.098,237,North Plains,"PT100 RTD, Setra 278 Barometer, Gill Ultrasonic Anemometer",33.6,45.0,984.9,1.31,320.0,0.0,718.5,13.64,None,Authentic WMO/IMD Station Observation (IST),
2026-09-21T14:00:00,14,DEL02,42181,New Delhi (Palam Airport),Delhi,New Delhi,28.566,77.098,237,North Plains,"PT100 RTD, Setra 278 Barometer, Gill Ultrasonic Anemometer",33.7,46.0,983.8,1.58,325.0,0.0,620.4,13.46,None,Authentic WMO/IMD Station Observation (IST),
2026-09-21T15:00:00,15,DEL02,42181,New Delhi (Palam Airport),Delhi,New Delhi,28.566,77.098,237,North Plains,"PT100 RTD, Setra 278 Barometer, Gill Ultrasonic Anemometer",33.2,47.0,983.2,1.81,336.0,0.0,470.9,13.25,None,Authentic WMO/IMD Station Observation (IST),
2026-09-21T16:00:00,16,DEL02,42181,New Delhi (Palam Airport),Delhi,New Delhi,28.566,77.098,237,North Plains,"PT100 RTD, Setra 278 Barometer, Gill Ultrasonic Anemometer",32.5,50.0,982.6,1.64,340.0,0.3,276.0,12.83,None,Authentic WMO/IMD Station Observation (IST),
2026-09-21T17:00:00,17,DEL02,42181,New Delhi (Palam Airport),Delhi,New Delhi,28.566,77.098,237,North Plains,"PT100 RTD, Setra 278 Barometer, Gill Ultrasonic Anemometer",32.4,50.0,982.7,2.17,337.0,0.0,105.0,12.59,None,Authentic WMO/IMD Station Observation (IST),
2026-09-21T18:00:00,18,DEL02,42181,New Delhi (Palam Airport),Delhi,New Delhi,28.566,77.098,237,North Plains,"PT100 RTD, Setra 278 Barometer, Gill Ultrasonic Anemometer",30.8,55.0,983.1,1.55,358.0,0.0,0.0,12.32,None,Authentic WMO/IMD Station Observation (IST),
2026-09-21T19:00:00,19,DEL02,42181,New Delhi (Palam Airport),Delhi,New Delhi,28.566,77.098,237,North Plains,"PT100 RTD, Setra 278 Barometer, Gill Ultrasonic Anemometer",30.0,59.0,983.6,1.41,8.0,0.0,0.0,12.28,None,Authentic WMO/IMD Station Observation (IST),
2026-09-21T20:00:00,20,DEL02,42181,New Delhi (Palam Airport),Delhi,New Delhi,28.566,77.098,237,North Plains,"PT100 RTD, Setra 278 Barometer, Gill Ultrasonic Anemometer",29.3,65.0,984.2,1.07,11.0,0.0,0.0,12.33,None,Authentic WMO/IMD Station Observation (IST),
2026-09-21T21:00:00,21,DEL02,42181,New Delhi (Palam Airport),Delhi,New Delhi,28.566,77.098,237,North Plains,"PT100 RTD, Setra 278 Barometer, Gill Ultrasonic Anemometer",28.9,68.0,984.6,1.05,31.0,0.0,0.0,12.38,None,Authentic WMO/IMD Station Observation (IST),
2026-09-21T22:00:00,22,DEL02,42181,New Delhi (Palam Airport),Delhi,New Delhi,28.566,77.098,237,North Plains,"PT100 RTD, Setra 278 Barometer, Gill Ultrasonic Anemometer",28.7,69.0,984.6,0.82,14.0,0.0,0.0,12.37,None,Authentic WMO/IMD Station Observation (IST),
2026-09-21T23:00:00,23,DEL02,42181,New Delhi (Palam Airport),Delhi,New Delhi,28.566,77.098,237,North Plains,"PT100 RTD, Setra 278 Barometer, Gill Ultrasonic Anemometer",29.0,71.0,984.3,0.61,55.0,0.0,0.0,12.3,None,Authentic WMO/IMD Station Observation (IST),
2026-09-22T00:00:00,0,DEL02,42181,New Delhi (Palam Airport),Delhi,New Delhi,28.566,77.098,237,North Plains,"PT100 RTD, Setra 278 Barometer, Gill Ultrasonic Anemometer",28.2,73.0,984.0,0.61,55.0,0.0,0.0,12.37,None,Authentic WMO/IMD Station Observation (IST),
2026-09-22T01:00:00,1,DEL02,42181,New Delhi (Palam Airport),Delhi,New Delhi,28.566,77.098,237,North Plains,"PT100 RTD, Setra 278 Barometer, Gill Ultrasonic Anemometer",27.6,75.0,983.7,0.71,51.0,0.0,0.0,12.37,None,Authentic WMO/IMD Station Observation (IST),
2026-09-22T02:00:00,2,DEL02,42181,New Delhi (Palam Airport),Delhi,New Delhi,28.566,77.098,237,North Plains,"PT100 RTD, Setra 278 Barometer, Gill Ultrasonic Anemometer",27.3,77.0,983.6,0.68,54.0,0.0,0.0,12.33,None,Authentic WMO/IMD Station Observation (IST),
2026-09-22T03:00:00,3,DEL02,42181,New Delhi (Palam Airport),Delhi,New Delhi,28.566,77.098,237,North Plains,"PT100 RTD, Setra 278 Barometer, Gill Ultrasonic Anemometer",27.0,78.0,983.4,0.45,63.0,0.0,0.0,12.29,None,Authentic WMO/IMD Station Observation (IST),
2026-09-22T04:00:00,4,DEL02,42181,New Delhi (Palam Airport),Delhi,New Delhi,28.566,77.098,237,North Plains,"PT100 RTD, Setra 278 Barometer, Gill Ultrasonic Anemometer",26.7,79.0,983.6,0.34,63.0,0.0,0.0,12.32,None,Authentic WMO/IMD Station Observation (IST),
2026-09-22T05:00:00,5,DEL02,42181,New Delhi (Palam Airport),Delhi,New Delhi,28.566,77.098,237,North Plains,"PT100 RTD, Setra 278 Barometer, Gill Ultrasonic Anemometer",26.5,80.0,983.7,0.3,9.0,0.0,0.0,12.38,None,Authentic WMO/IMD Station Observation (IST),
2026-09-22T06:00:00,6,DEL02,42181,New Delhi (Palam Airport),Delhi,New Delhi,28.566,77.098,237,North Plains,"PT100 RTD, Setra 278 Barometer, Gill Ultrasonic Anemometer",26.3,81.0,984.0,0.25,349.0,0.0,22.1,12.33,None,Authentic WMO/IMD Station Observation (IST),
2026-09-22T07:00:00,7,DEL02,42181,New Delhi (Palam Airport),Delhi,New Delhi,28.566,77.098,237,North Plains,"PT100 RTD, Setra 278 Barometer, Gill Ultrasonic Anemometer",27.4,76.0,984.6,0.35,315.0,0.0,148.8,12.65,None,Authentic WMO/IMD Station Observation (IST),
2026-09-22T08:00:00,8,DEL02,42181,New Delhi (Palam Airport),Delhi,New Delhi,28.566,77.098,237,North Plains,"PT100 RTD, Setra 278 Barometer, Gill Ultrasonic Anemometer",29.0,71.0,985.2,0.25,307.0,0.0,339.3,13.01,None,Authentic WMO/IMD Station Observation (IST),
2026-09-22T09:00:00,9,DEL02,42181,New Delhi (Palam Airport),Delhi,New Delhi,28.566,77.098,237,North Plains,"PT100 RTD, Setra 278 Barometer, Gill Ultrasonic Anemometer",30.8,61.0,985.5,0.42,315.0,0.0,531.1,13.34,None,Authentic WMO/IMD Station Observation (IST),
2026-09-22T10:00:00,10,DEL02,42181,New Delhi (Palam Airport),Delhi,New Delhi,28.566,77.098,237,North Plains,"PT100 RTD, Setra 278 Barometer, Gill Ultrasonic Anemometer",32.0,54.0,985.5,1.05,295.0,0.0,684.3,13.64,None,Authentic WMO/IMD Station Observation (IST),
2026-09-22T11:15:00,11,DEL02,42181,New Delhi (Palam Airport),Delhi,New Delhi,28.566,77.098,237,North Plains,"PT100 RTD, Setra 278 Barometer, Gill Ultrasonic Anemometer",32.6,51.0,985.4,1.16,295.0,0.0,769.2,13.71,None,Live Real-Time IMD/AWS Ground Observation (IST),True
2026-09-21T12:00:00,12,SXR01,42027,Srinagar Observatory,Jammu & Kashmir,Srinagar,34.083,74.797,1587,Western Himalayas,"Heated PT100 RTD, Campbell CS215, Young Wind Monitor",25.1,43.0,849.2,0.91,261.0,0.0,821.5,13.84,None,Authentic WMO/IMD Station Observation (IST),
2026-09-21T13:00:00,13,SXR01,42027,Srinagar Observatory,Jammu & Kashmir,Srinagar,34.083,74.797,1587,Western Himalayas,"Heated PT100 RTD, Campbell CS215, Young Wind Monitor",26.2,39.0,848.1,1.43,258.0,0.0,798.4,13.8,None,Authentic WMO/IMD Station Observation (IST),
2026-09-21T14:00:00,14,SXR01,42027,Srinagar Observatory,Jammu & Kashmir,Srinagar,34.083,74.797,1587,Western Himalayas,"Heated PT100 RTD, Campbell CS215, Young Wind Monitor",26.5,34.0,847.3,1.98,249.0,0.0,696.7,13.61,None,Authentic WMO/IMD Station Observation (IST),
2026-09-21T15:00:00,15,SXR01,42027,Srinagar Observatory,Jammu & Kashmir,Srinagar,34.083,74.797,1587,Western Himalayas,"Heated PT100 RTD, Campbell CS215, Young Wind Monitor",26.6,33.0,846.7,1.81,246.0,0.0,546.0,13.38,None,Authentic WMO/IMD Station Observation (IST),
2026-09-21T16:00:00,16,SXR01,42027,Srinagar Observatory,Jammu & Kashmir,Srinagar,34.083,74.797,1587,Western Himalayas,"Heated PT100 RTD, Campbell CS215, Young Wind Monitor",26.5,31.0,846.1,1.81,264.0,0.0,344.4,12.94,None,Authentic WMO/IMD Station Observation (IST),
2026-09-21T17:00:00,17,SXR01,42027,Srinagar Observatory,Jammu & Kashmir,Srinagar,34.083,74.797,1587,Western Himalayas,"Heated PT100 RTD, Campbell CS215, Young Wind Monitor",25.1,44.0,845.5,1.26,263.0,0.0,145.7,12.68,None,Authentic WMO/IMD Station Observation (IST),
2026-09-21T18:00:00,18,SXR01,42027,Srinagar Observatory,Jammu & Kashmir,Srinagar,34.083,74.797,1587,Western Himalayas,"Heated PT100 RTD, Campbell CS215, Young Wind Monitor",23.3,50.0,845.2,0.11,27.0,0.0,0.0,12.34,None,Authentic WMO/IMD Station Observation (IST),
2026-09-21T19:00:00,19,SXR01,42027,Srinagar Observatory,Jammu & Kashmir,Srinagar,34.083,74.797,1587,Western Himalayas,"Heated PT100 RTD, Campbell CS215, Young Wind Monitor",21.8,50.0,844.7,0.32,51.0,0.0,0.0,12.2,None,Authentic WMO/IMD Station Observation (IST),
2026-09-21T20:00:00,20,SXR01,42027,Srinagar Observatory,Jammu & Kashmir,Srinagar,34.083,74.797,1587,Western Himalayas,"Heated PT100 RTD, Campbell CS215, Young Wind Monitor",20.1,54.0,844.3,0.16,72.0,0.0,0.0,12.34,None,Authentic WMO/IMD Station Observation (IST),
2026-09-21T21:00:00,21,SXR01,42027,Srinagar Observatory,Jammu & Kashmir,Srinagar,34.083,74.797,1587,Western Himalayas,"Heated PT100 RTD, Campbell CS215, Young Wind Monitor",17.6,62.0,843.5,0.27,112.0,0.0,0.0,12.44,None,Authentic WMO/IMD Station Observation (IST),
2026-09-21T22:00:00,22,SXR01,42027,Srinagar Observatory,Jammu & Kashmir,Srinagar,34.083,74.797,1587,Western Himalayas,"Heated PT100 RTD, Campbell CS215, Young Wind Monitor",15.9,72.0,843.2,0.66,99.0,0.0,0.0,12.27,None,Authentic WMO/IMD Station Observation (IST),
2026-09-21T23:00:00,23,SXR01,42027,Srinagar Observatory,Jammu & Kashmir,Srinagar,34.083,74.797,1587,Western Himalayas,"Heated PT100 RTD, Campbell CS215, Young Wind Monitor",16.4,75.0,843.5,0.84,107.0,0.0,0.0,12.31,None,Authentic WMO/IMD Station Observation (IST),
2026-09-22T00:00:00,0,SXR01,42027,Srinagar Observatory,Jammu & Kashmir,Srinagar,34.083,74.797,1587,Western Himalayas,"Heated PT100 RTD, Campbell CS215, Young Wind Monitor",15.7,76.0,843.4,0.75,94.0,0.0,0.0,12.33,None,Authentic WMO/IMD Station Observation (IST),
2026-09-22T01:00:00,1,SXR01,42027,Srinagar Observatory,Jammu & Kashmir,Srinagar,34.083,74.797,1587,Western Himalayas,"Heated PT100 RTD, Campbell CS215, Young Wind Monitor",15.2,77.0,843.2,0.81,101.0,0.0,0.0,12.29,None,Authentic WMO/IMD Station Observation (IST),
2026-09-22T02:00:00,2,SXR01,42027,Srinagar Observatory,Jammu & Kashmir,Srinagar,34.083,74.797,1587,Western Himalayas,"Heated PT100 RTD, Campbell CS215, Young Wind Monitor",14.5,80.0,842.9,0.65,94.0,0.0,0.0,12.36,None,Authentic WMO/IMD Station Observation (IST),
2026-09-22T03:00:00,3,SXR01,42027,Srinagar Observatory,Jammu & Kashmir,Srinagar,34.083,74.797,1587,Western Himalayas,"Heated PT100 RTD, Campbell CS215, Young Wind Monitor",13.8,84.0,842.5,0.5,90.0,0.0,0.0,12.35,None,Authentic WMO/IMD Station Observation (IST),
2026-09-22T04:00:00,4,SXR01,42027,Srinagar Observatory,Jammu & Kashmir,Srinagar,34.083,74.797,1587,Western Himalayas,"Heated PT100 RTD, Campbell CS215, Young Wind Monitor",13.3,86.0,842.5,0.5,90.0,0.0,0.0,12.39,None,Authentic WMO/IMD Station Observation (IST),
2026-09-22T05:00:00,5,SXR01,42027,Srinagar Observatory,Jammu & Kashmir,Srinagar,34.083,74.797,1587,Western Himalayas,"Heated PT100 RTD, Campbell CS215, Young Wind Monitor",13.0,88.0,842.6,0.45,90.0,0.0,0.0,12.39,None,Authentic WMO/IMD Station Observation (IST),
2026-09-22T06:00:00,6,SXR01,42027,Srinagar Observatory,Jammu & Kashmir,Srinagar,34.083,74.797,1587,Western Himalayas,"Heated PT100 RTD, Campbell CS215, Young Wind Monitor",12.6,89.0,842.9,0.35,82.0,0.0,16.3,12.36,None,Authentic WMO/IMD Station Observation (IST),
2026-09-22T07:00:00,7,SXR01,42027,Srinagar Observatory,Jammu & Kashmir,Srinagar,34.083,74.797,1587,Western Himalayas,"Heated PT100 RTD, Campbell CS215, Young Wind Monitor",14.3,87.0,844.5,0.35,90.0,0.0,136.1,12.6,None,Authentic WMO/IMD Station Observation (IST),
2026-09-22T08:00:00,8,SXR01,42027,Srinagar Observatory,Jammu & Kashmir,Srinagar,34.083,74.797,1587,Western Himalayas,"Heated PT100 RTD, Campbell CS215, Young Wind Monitor",17.4,69.0,846.4,0.51,209.0,0.0,330.0,13.0,None,Authentic WMO/IMD Station Observation (IST),
2026-09-22T09:00:00,9,SXR01,42027,Srinagar Observatory,Jammu & Kashmir,Srinagar,34.083,74.797,1587,Western Himalayas,"Heated PT100 RTD, Campbell CS215, Young Wind Monitor",19.7,60.0,847.3,0.56,243.0,0.0,524.1,13.38,None,Authentic WMO/IMD Station Observation (IST),
2026-09-22T10:00:00,10,SXR01,42027,Srinagar Observatory,Jammu & Kashmir,Srinagar,34.083,74.797,1587,Western Himalayas,"Heated PT100 RTD, Campbell CS215, Young Wind Monitor",21.9,51.0,847.6,0.6,275.0,0.0,678.2,13.56,None,Authentic WMO/IMD Station Observation (IST),
2026-09-22T11:15:00,11,SXR01,42027,Srinagar Observatory,Jammu & Kashmir,Srinagar,34.083,74.797,1587,Western Himalayas,"Heated PT100 RTD, Campbell CS215, Young Wind Monitor",23.2,46.0,847.6,1.0,267.0,0.0,734.9,13.76,None,Live Real-Time IMD/AWS Ground Observation (IST),True
2026-09-21T12:00:00,12,IXL01,42012,Leh High-Altitude AWS,Ladakh,Leh,34.152,77.577,3524,Trans-Himalayas,"Arctic-spec Heated PT100, Vaisala PTB330, Ultrasonic Wind",15.5,17.0,690.4,1.05,275.0,0.0,919.4,13.8,None,Authentic WMO/IMD Station Observation (IST),
2026-09-21T13:00:00,13,IXL01,42012,Leh High-Altitude AWS,Ladakh,Leh,34.152,77.577,3524,Trans-Himalayas,"Arctic-spec Heated PT100, Vaisala PTB330, Ultrasonic Wind",15.3,20.0,689.5,0.92,299.0,0.0,841.4,13.89,None,Authentic WMO/IMD Station Observation (IST),
2026-09-21T14:00:00,14,IXL01,42012,Leh High-Altitude AWS,Ladakh,Leh,34.152,77.577,3524,Trans-Himalayas,"Arctic-spec Heated PT100, Vaisala PTB330, Ultrasonic Wind",15.3,21.0,688.7,0.46,13.0,0.0,717.0,13.69,None,Authentic WMO/IMD Station Observation (IST),
2026-09-21T15:00:00,15,IXL01,42012,Leh High-Altitude AWS,Ladakh,Leh,34.152,77.577,3524,Trans-Himalayas,"Arctic-spec Heated PT100, Vaisala PTB330, Ultrasonic Wind",15.6,19.0,687.8,0.49,246.0,0.0,585.9,13.4,None,Authentic WMO/IMD Station Observation (IST),
2026-09-21T16:00:00,16,IXL01,42012,Leh High-Altitude AWS,Ladakh,Leh,34.152,77.577,3524,Trans-Himalayas,"Arctic-spec Heated PT100, Vaisala PTB330, Ultrasonic Wind",15.6,18.0,687.1,1.0,252.0,0.0,375.3,13.06,None,Authentic WMO/IMD Station Observation (IST),
2026-09-21T17:00:00,17,IXL01,42012,Leh High-Altitude AWS,Ladakh,Leh,34.152,77.577,3524,Trans-Himalayas,"Arctic-spec Heated PT100, Vaisala PTB330, Ultrasonic Wind",14.8,19.0,686.6,1.7,246.0,0.0,151.1,12.62,None,Authentic WMO/IMD Station Observation (IST),
2026-09-21T18:00:00,18,IXL01,42012,Leh High-Altitude AWS,Ladakh,Leh,34.152,77.577,3524,Trans-Himalayas,"Arctic-spec Heated PT100, Vaisala PTB330, Ultrasonic Wind",13.4,23.0,685.7,0.4,277.0,0.0,0.0,12.32,None,Authentic WMO/IMD Station Observation (IST),
2026-09-21T19:00:00,19,IXL01,42012,Leh High-Altitude AWS,Ladakh,Leh,34.152,77.577,3524,Trans-Himalayas,"Arctic-spec Heated PT100, Vaisala PTB330, Ultrasonic Wind",12.7,26.0,685.4,0.15,270.0,0.0,0.0,12.25,None,Authentic WMO/IMD Station Observation (IST),
2026-09-21T20:00:00,20,IXL01,42012,Leh High-Altitude AWS,Ladakh,Leh,34.152,77.577,3524,Trans-Himalayas,"Arctic-spec Heated PT100, Vaisala PTB330, Ultrasonic Wind",11.9,27.0,685.4,0.16,288.0,0.0,0.0,12.3,None,Authentic WMO/IMD Station Observation (IST),
2026-09-21T21:00:00,21,IXL01,42012,Leh High-Altitude AWS,Ladakh,Leh,34.152,77.577,3524,Trans-Himalayas,"Arctic-spec Heated PT100, Vaisala PTB330, Ultrasonic Wind",11.0,29.0,685.0,0.16,342.0,0.0,0.0,12.21,None,Authentic WMO/IMD Station Observation (IST),
2026-09-21T22:00:00,22,IXL01,42012,Leh High-Altitude AWS,Ladakh,Leh,34.152,77.577,3524,Trans-Himalayas,"Arctic-spec Heated PT100, Vaisala PTB330, Ultrasonic Wind",9.9,31.0,684.4,0.21,14.0,0.0,0.0,12.31,None,Authentic WMO/IMD Station Observation (IST),
2026-09-21T23:00:00,23,IXL01,42012,Leh High-Altitude AWS,Ladakh,Leh,34.152,77.577,3524,Trans-Himalayas,"Arctic-spec Heated PT100, Vaisala PTB330, Ultrasonic Wind",10.0,31.0,685.1,0.25,349.0,0.0,0.0,12.4,None,Authentic WMO/IMD Station Observation (IST),
2026-09-22T00:00:00,0,IXL01,42012,Leh High-Altitude AWS,Ladakh,Leh,34.152,77.577,3524,Trans-Himalayas,"Arctic-spec Heated PT100, Vaisala PTB330, Ultrasonic Wind",8.9,33.0,684.2,0.21,14.0,0.0,0.0,12.32,None,Authentic WMO/IMD Station Observation (IST),
2026-09-22T01:00:00,1,IXL01,42012,Leh High-Altitude AWS,Ladakh,Leh,34.152,77.577,3524,Trans-Himalayas,"Arctic-spec Heated PT100, Vaisala PTB330, Ultrasonic Wind",7.7,36.0,683.2,0.25,11.0,0.0,0.0,12.31,None,Authentic WMO/IMD Station Observation (IST),
2026-09-22T02:00:00,2,IXL01,42012,Leh High-Altitude AWS,Ladakh,Leh,34.152,77.577,3524,Trans-Himalayas,"Arctic-spec Heated PT100, Vaisala PTB330, Ultrasonic Wind",6.8,40.0,682.5,0.46,13.0,0.0,0.0,12.36,None,Authentic WMO/IMD Station Observation (IST),
2026-09-22T03:00:00,3,IXL01,42012,Leh High-Altitude AWS,Ladakh,Leh,34.152,77.577,3524,Trans-Himalayas,"Arctic-spec Heated PT100, Vaisala PTB330, Ultrasonic Wind",6.1,43.0,682.0,0.55,360.0,0.0,0.0,12.34,None,Authentic WMO/IMD Station Observation (IST),
2026-09-22T04:00:00,4,IXL01,42012,Leh High-Altitude AWS,Ladakh,Leh,34.152,77.577,3524,Trans-Himalayas,"Arctic-spec Heated PT100, Vaisala PTB330, Ultrasonic Wind",5.7,45.0,681.9,0.6,355.0,0.0,0.0,12.34,None,Authentic WMO/IMD Station Observation (IST),
2026-09-22T05:00:00,5,IXL01,42012,Leh High-Altitude AWS,Ladakh,Leh,34.152,77.577,3524,Trans-Himalayas,"Arctic-spec Heated PT100, Vaisala PTB330, Ultrasonic Wind",5.3,46.0,681.8,0.61,351.0,0.0,0.0,12.39,None,Authentic WMO/IMD Station Observation (IST),
2026-09-22T06:00:00,6,IXL01,42012,Leh High-Altitude AWS,Ladakh,Leh,34.152,77.577,3524,Trans-Himalayas,"Arctic-spec Heated PT100, Vaisala PTB330, Ultrasonic Wind",5.3,47.0,682.2,0.56,350.0,0.0,38.8,12.34,None,Authentic WMO/IMD Station Observation (IST),
2026-09-22T07:00:00,7,IXL01,42012,Leh High-Altitude AWS,Ladakh,Leh,34.152,77.577,3524,Trans-Himalayas,"Arctic-spec Heated PT100, Vaisala PTB330, Ultrasonic Wind",8.4,38.0,685.7,1.0,307.0,0.0,234.1,12.83,None,Authentic WMO/IMD Station Observation (IST),
2026-09-22T08:00:00,8,IXL01,42012,Leh High-Altitude AWS,Ladakh,Leh,34.152,77.577,3524,Trans-Himalayas,"Arctic-spec Heated PT100, Vaisala PTB330, Ultrasonic Wind",10.0,33.0,687.0,0.98,285.0,0.0,467.6,13.22,None,Authentic WMO/IMD Station Observation (IST),
2026-09-22T09:00:00,9,IXL01,42012,Leh High-Altitude AWS,Ladakh,Leh,34.152,77.577,3524,Trans-Himalayas,"Arctic-spec Heated PT100, Vaisala PTB330, Ultrasonic Wind",11.4,31.0,687.9,1.04,287.0,0.0,650.6,13.58,None,Authentic WMO/IMD Station Observation (IST),
2026-09-22T10:00:00,10,IXL01,42012,Leh High-Altitude AWS,Ladakh,Leh,34.152,77.577,3524,Trans-Himalayas,"Arctic-spec Heated PT100, Vaisala PTB330, Ultrasonic Wind",12.9,28.0,688.3,1.17,280.0,0.0,779.2,13.83,None,Authentic WMO/IMD Station Observation (IST),
2026-09-22T11:15:00,11,IXL01,42012,Leh High-Altitude AWS,Ladakh,Leh,34.152,77.577,3524,Trans-Himalayas,"Arctic-spec Heated PT100, Vaisala PTB330, Ultrasonic Wind",13.7,26.0,688.4,1.58,288.0,0.0,793.2,13.72,None,Live Real-Time IMD/AWS Ground Observation (IST),True
2026-09-21T12:00:00,12,SLV01,42083,Shimla Ridge Observatory,Himachal Pradesh,Shimla,31.104,77.173,2205,Western Himalayas,"Heated PT100 RTD, Vaisala HMP155, Young Wind Monitor",20.4,53.0,793.8,3.64,291.0,0.2,672.7,13.55,None,Authentic WMO/IMD Station Observation (IST),
2026-09-21T13:00:00,13,SLV01,42083,Shimla Ridge Observatory,Himachal Pradesh,Shimla,31.104,77.173,2205,Western Himalayas,"Heated PT100 RTD, Vaisala HMP155, Young Wind Monitor",20.2,56.0,792.8,3.43,293.0,0.2,698.0,13.61,None,Authentic WMO/IMD Station Observation (IST),
2026-09-21T14:00:00,14,SLV01,42083,Shimla Ridge Observatory,Himachal Pradesh,Shimla,31.104,77.173,2205,Western Himalayas,"Heated PT100 RTD, Vaisala HMP155, Young Wind Monitor",20.1,55.0,792.1,3.65,295.0,0.1,597.9,13.37,None,Authentic WMO/IMD Station Observation (IST),
2026-09-21T15:00:00,15,SLV01,42083,Shimla Ridge Observatory,Himachal Pradesh,Shimla,31.104,77.173,2205,Western Himalayas,"Heated PT100 RTD, Vaisala HMP155, Young Wind Monitor",19.5,56.0,791.4,3.43,304.0,0.2,487.5,13.36,None,Authentic WMO/IMD Station Observation (IST),
2026-09-21T16:00:00,16,SLV01,42083,Shimla Ridge Observatory,Himachal Pradesh,Shimla,31.104,77.173,2205,Western Himalayas,"Heated PT100 RTD, Vaisala HMP155, Young Wind Monitor",18.5,60.0,790.6,3.11,307.0,0.0,290.3,12.91,None,Authentic WMO/IMD Station Observation (IST),
2026-09-21T17:00:00,17,SLV01,42083,Shimla Ridge Observatory,Himachal Pradesh,Shimla,31.104,77.173,2205,Western Himalayas,"Heated PT100 RTD, Vaisala HMP155, Young Wind Monitor",17.5,71.0,790.2,2.65,302.0,0.0,115.3,12.61,None,Authentic WMO/IMD Station Observation (IST),
2026-09-21T18:00:00,18,SLV01,42083,Shimla Ridge Observatory,Himachal Pradesh,Shimla,31.104,77.173,2205,Western Himalayas,"Heated PT100 RTD, Vaisala HMP155, Young Wind Monitor",14.8,87.0,788.9,0.82,308.0,0.0,0.0,12.33,None,Authentic WMO/IMD Station Observation (IST),
2026-09-21T19:00:00,19,SLV01,42083,Shimla Ridge Observatory,Himachal Pradesh,Shimla,31.104,77.173,2205,Western Himalayas,"Heated PT100 RTD, Vaisala HMP155, Young Wind Monitor",14.4,88.0,788.9,0.15,90.0,0.0,0.0,12.33,None,Authentic WMO/IMD Station Observation (IST),
2026-09-21T20:00:00,20,SLV01,42083,Shimla Ridge Observatory,Himachal Pradesh,Shimla,31.104,77.173,2205,Western Himalayas,"Heated PT100 RTD, Vaisala HMP155, Young Wind Monitor",13.9,90.0,789.1,0.2,90.0,0.0,0.0,12.28,None,Authentic WMO/IMD Station Observation (IST),
2026-09-21T21:00:00,21,SLV01,42083,Shimla Ridge Observatory,Himachal Pradesh,Shimla,31.104,77.173,2205,Western Himalayas,"Heated PT100 RTD, Vaisala HMP155, Young Wind Monitor",13.3,91.0,788.7,0.45,90.0,0.0,0.0,12.3,None,Authentic WMO/IMD Station Observation (IST),
2026-09-21T22:00:00,22,SLV01,42083,Shimla Ridge Observatory,Himachal Pradesh,Shimla,31.104,77.173,2205,Western Himalayas,"Heated PT100 RTD, Vaisala HMP155, Young Wind Monitor",12.6,92.0,788.2,0.55,90.0,0.0,0.0,12.37,None,Authentic WMO/IMD Station Observation (IST),
2026-09-21T23:00:00,23,SLV01,42083,Shimla Ridge Observatory,Himachal Pradesh,Shimla,31.104,77.173,2205,Western Himalayas,"Heated PT100 RTD, Vaisala HMP155, Young Wind Monitor",13.3,89.0,788.6,0.71,82.0,0.0,0.0,12.34,None,Authentic WMO/IMD Station Observation (IST),
2026-09-22T00:00:00,0,SLV01,42083,Shimla Ridge Observatory,Himachal Pradesh,Shimla,31.104,77.173,2205,Western Himalayas,"Heated PT100 RTD, Vaisala HMP155, Young Wind Monitor",12.6,90.0,788.1,0.45,90.0,0.0,0.0,12.34,None,Authentic WMO/IMD Station Observation (IST),
2026-09-22T01:00:00,1,SLV01,42083,Shimla Ridge Observatory,Himachal Pradesh,Shimla,31.104,77.173,2205,Western Himalayas,"Heated PT100 RTD, Vaisala HMP155, Young Wind Monitor",11.8,92.0,787.4,0.55,95.0,0.0,0.0,12.32,None,Authentic WMO/IMD Station Observation (IST),
2026-09-22T02:00:00,2,SLV01,42083,Shimla Ridge Observatory,Himachal Pradesh,Shimla,31.104,77.173,2205,Western Himalayas,"Heated PT100 RTD, Vaisala HMP155, Young Wind Monitor",11.0,94.0,786.5,0.6,95.0,0.0,0.0,12.25,None,Authentic WMO/IMD Station Observation (IST),
2026-09-22T03:00:00,3,SLV01,42083,Shimla Ridge Observatory,Himachal Pradesh,Shimla,31.104,77.173,2205,Western Himalayas,"Heated PT100 RTD, Vaisala HMP155, Young Wind Monitor",10.4,95.0,785.7,0.61,99.0,0.0,0.0,12.37,None,Authentic WMO/IMD Station Observation (IST),
2026-09-22T04:00:00,4,SLV01,42083,Shimla Ridge Observatory,Himachal Pradesh,Shimla,31.104,77.173,2205,Western Himalayas,"Heated PT100 RTD, Vaisala HMP155, Young Wind Monitor",9.9,94.0,785.3,0.71,98.0,0.0,0.0,12.44,None,Authentic WMO/IMD Station Observation (IST),
2026-09-22T05:00:00,5,SLV01,42083,Shimla Ridge Observatory,Himachal Pradesh,Shimla,31.104,77.173,2205,Western Himalayas,"Heated PT100 RTD, Vaisala HMP155, Young Wind Monitor",9.3,96.0,784.8,0.71,98.0,0.0,0.0,12.44,None,Authentic WMO/IMD Station Observation (IST),
2026-09-22T06:00:00,6,SLV01,42083,Shimla Ridge Observatory,Himachal Pradesh,Shimla,31.104,77.173,2205,Western Himalayas,"Heated PT100 RTD, Vaisala HMP155, Young Wind Monitor",9.1,96.0,784.9,0.66,99.0,0.0,21.6,12.36,None,Authentic WMO/IMD Station Observation (IST),
2026-09-22T07:00:00,7,SLV01,42083,Shimla Ridge Observatory,Himachal Pradesh,Shimla,31.104,77.173,2205,Western Himalayas,"Heated PT100 RTD, Vaisala HMP155, Young Wind Monitor",12.8,85.0,787.9,0.81,112.0,0.0,167.7,12.58,None,Authentic WMO/IMD Station Observation (IST),
2026-09-22T08:00:00,8,SLV01,42083,Shimla Ridge Observatory,Himachal Pradesh,Shimla,31.104,77.173,2205,Western Himalayas,"Heated PT100 RTD, Vaisala HMP155, Young Wind Monitor",17.8,61.0,791.5,0.38,23.0,0.0,389.1,13.12,None,Authentic WMO/IMD Station Observation (IST),
2026-09-22T09:00:00,9,SLV01,42083,Shimla Ridge Observatory,Himachal Pradesh,Shimla,31.104,77.173,2205,Western Himalayas,"Heated PT100 RTD, Vaisala HMP155, Young Wind Monitor",19.8,48.0,792.5,0.97,305.0,0.0,591.4,13.41,None,Authentic WMO/IMD Station Observation (IST),
2026-09-22T10:00:00,10,SLV01,42083,Shimla Ridge Observatory,Himachal Pradesh,Shimla,31.104,77.173,2205,Western Himalayas,"Heated PT100 RTD, Vaisala HMP155, Young Wind Monitor",21.1,38.0,793.1,2.13,294.0,0.0,744.6,13.7,None,Authentic WMO/IMD Station Observation (IST),
2026-09-22T11:15:00,11,SLV01,42083,Shimla Ridge Observatory,Himachal Pradesh,Shimla,31.104,77.173,2205,Western Himalayas,"Heated PT100 RTD, Vaisala HMP155, Young Wind Monitor",21.7,34.0,793.3,2.75,289.0,0.0,825.7,13.85,None,Live Real-Time IMD/AWS Ground Observation (IST),True
2026-09-21T12:00:00,12,DED01,42111,Dehradun Meteorological Center,Uttarakhand,Dehradun,30.316,78.032,682,Himalayan Foothills,"PT100 RTD, Setra 278 Barometer, Texas TR-525 Rain Gauge",29.2,61.0,940.9,1.57,233.0,0.0,722.5,13.61,None,Authentic WMO/IMD Station Observation (IST),
2026-09-21T13:00:00,13,DED01,42111,Dehradun Meteorological Center,Uttarakhand,Dehradun,30.316,78.032,682,Himalayan Foothills,"PT100 RTD, Setra 278 Barometer, Texas TR-525 Rain Gauge",29.3,61.0,939.8,1.42,231.0,0.1,702.5,13.65,None,Authentic WMO/IMD Station Observation (IST),
2026-09-21T14:00:00,14,DED01,42111,Dehradun Meteorological Center,Uttarakhand,Dehradun,30.316,78.032,682,Himalayan Foothills,"PT100 RTD, Setra 278 Barometer, Texas TR-525 Rain Gauge",28.1,68.0,938.7,2.35,246.0,0.9,561.2,13.46,None,Authentic WMO/IMD Station Observation (IST),
2026-09-21T15:00:00,15,DED01,42111,Dehradun Meteorological Center,Uttarakhand,Dehradun,30.316,78.032,682,Himalayan Foothills,"PT100 RTD, Setra 278 Barometer, Texas TR-525 Rain Gauge",28.4,64.0,938.5,0.76,238.0,0.3,397.2,13.11,None,Authentic WMO/IMD Station Observation (IST),
2026-09-21T16:00:00,16,DED01,42111,Dehradun Meteorological Center,Uttarakhand,Dehradun,30.316,78.032,682,Himalayan Foothills,"PT100 RTD, Setra 278 Barometer, Texas TR-525 Rain Gauge",27.3,71.0,937.9,1.17,200.0,0.1,259.5,12.96,None,Authentic WMO/IMD Station Observation (IST),
2026-09-21T17:00:00,17,DED01,42111,Dehradun Meteorological Center,Uttarakhand,Dehradun,30.316,78.032,682,Himalayan Foothills,"PT100 RTD, Setra 278 Barometer, Texas TR-525 Rain Gauge",25.5,84.0,938.3,1.6,346.0,0.0,90.4,12.48,None,Authentic WMO/IMD Station Observation (IST),
2026-09-21T18:00:00,18,DED01,42111,Dehradun Meteorological Center,Uttarakhand,Dehradun,30.316,78.032,682,Himalayan Foothills,"PT100 RTD, Setra 278 Barometer, Texas TR-525 Rain Gauge",24.5,91.0,938.1,0.56,27.0,0.1,0.0,12.51,None,Authentic WMO/IMD Station Observation (IST),
2026-09-21T19:00:00,19,DED01,42111,Dehradun Meteorological Center,Uttarakhand,Dehradun,30.316,78.032,682,Himalayan Foothills,"PT100 RTD, Setra 278 Barometer, Texas TR-525 Rain Gauge",24.0,95.0,937.9,0.69,330.0,0.0,0.0,12.37,None,Authentic WMO/IMD Station Observation (IST),
2026-09-21T20:00:00,20,DED01,42111,Dehradun Meteorological Center,Uttarakhand,Dehradun,30.316,78.032,682,Himalayan Foothills,"PT100 RTD, Setra 278 Barometer, Texas TR-525 Rain Gauge",23.5,95.0,938.5,0.47,18.0,0.0,0.0,12.3,None,Authentic WMO/IMD Station Observation (IST),
2026-09-21T21:00:00,21,DED01,42111,Dehradun Meteorological Center,Uttarakhand,Dehradun,30.316,78.032,682,Himalayan Foothills,"PT100 RTD, Setra 278 Barometer, Texas TR-525 Rain Gauge",23.2,94.0,938.7,0.14,45.0,0.0,0.0,12.37,None,Authentic WMO/IMD Station Observation (IST),
2026-09-21T22:00:00,22,DED01,42111,Dehradun Meteorological Center,Uttarakhand,Dehradun,30.316,78.032,682,Himalayan Foothills,"PT100 RTD, Setra 278 Barometer, Texas TR-525 Rain Gauge",22.7,93.0,938.8,0.57,52.0,0.0,0.0,12.4,None,Authentic WMO/IMD Station Observation (IST),
2026-09-21T23:00:00,23,DED01,42111,Dehradun Meteorological Center,Uttarakhand,Dehradun,30.316,78.032,682,Himalayan Foothills,"PT100 RTD, Setra 278 Barometer, Texas TR-525 Rain Gauge",24.0,90.0,939.1,0.93,106.0,0.0,0.0,12.38,None,Authentic WMO/IMD Station Observation (IST),
2026-09-22T00:00:00,0,DED01,42111,Dehradun Meteorological Center,Uttarakhand,Dehradun,30.316,78.032,682,Himalayan Foothills,"PT100 RTD, Setra 278 Barometer, Texas TR-525 Rain Gauge",23.7,89.0,938.8,0.22,27.0,0.0,0.0,12.31,None,Authentic WMO/IMD Station Observation (IST),
2026-09-22T01:00:00,1,DED01,42111,Dehradun Meteorological Center,Uttarakhand,Dehradun,30.316,78.032,682,Himalayan Foothills,"PT100 RTD, Setra 278 Barometer, Texas TR-525 Rain Gauge",23.1,90.0,938.4,0.56,350.0,0.0,0.0,12.38,None,Authentic WMO/IMD Station Observation (IST),
2026-09-22T02:00:00,2,DED01,42111,Dehradun Meteorological Center,Uttarakhand,Dehradun,30.316,78.032,682,Himalayan Foothills,"PT100 RTD, Setra 278 Barometer, Texas TR-525 Rain Gauge",22.4,91.0,937.9,0.7,356.0,0.0,0.0,12.35,None,Authentic WMO/IMD Station Observation (IST),
2026-09-22T03:00:00,3,DED01,42111,Dehradun Meteorological Center,Uttarakhand,Dehradun,30.316,78.032,682,Himalayan Foothills,"PT100 RTD, Setra 278 Barometer, Texas TR-525 Rain Gauge",21.8,93.0,937.4,0.6,5.0,0.0,0.0,12.47,None,Authentic WMO/IMD Station Observation (IST),
2026-09-22T04:00:00,4,DED01,42111,Dehradun Meteorological Center,Uttarakhand,Dehradun,30.316,78.032,682,Himalayan Foothills,"PT100 RTD, Setra 278 Barometer, Texas TR-525 Rain Gauge",21.4,93.0,937.3,0.55,5.0,0.0,0.0,12.36,None,Authentic WMO/IMD Station Observation (IST),
2026-09-22T05:00:00,5,DED01,42111,Dehradun Meteorological Center,Uttarakhand,Dehradun,30.316,78.032,682,Himalayan Foothills,"PT100 RTD, Setra 278 Barometer, Texas TR-525 Rain Gauge",21.2,92.0,937.4,0.78,15.0,0.0,0.0,12.33,None,Authentic WMO/IMD Station Observation (IST),
2026-09-22T06:00:00,6,DED01,42111,Dehradun Meteorological Center,Uttarakhand,Dehradun,30.316,78.032,682,Himalayan Foothills,"PT100 RTD, Setra 278 Barometer, Texas TR-525 Rain Gauge",21.0,92.0,937.9,0.98,15.0,0.0,24.2,12.25,None,Authentic WMO/IMD Station Observation (IST),
2026-09-22T07:00:00,7,DED01,42111,Dehradun Meteorological Center,Uttarakhand,Dehradun,30.316,78.032,682,Himalayan Foothills,"PT100 RTD, Setra 278 Barometer, Texas TR-525 Rain Gauge",23.0,84.0,938.8,0.92,29.0,0.0,142.8,12.65,None,Authentic WMO/IMD Station Observation (IST),
2026-09-22T08:00:00,8,DED01,42111,Dehradun Meteorological Center,Uttarakhand,Dehradun,30.316,78.032,682,Himalayan Foothills,"PT100 RTD, Setra 278 Barometer, Texas TR-525 Rain Gauge",25.0,80.0,939.5,0.16,72.0,0.0,326.6,13.0,None,Authentic WMO/IMD Station Observation (IST),
2026-09-22T09:00:00,9,DED01,42111,Dehradun Meteorological Center,Uttarakhand,Dehradun,30.316,78.032,682,Himalayan Foothills,"PT100 RTD, Setra 278 Barometer, Texas TR-525 Rain Gauge",26.5,74.0,940.1,0.4,173.0,0.0,514.2,13.3,None,Authentic WMO/IMD Station Observation (IST),
2026-09-22T10:00:00,10,DED01,42111,Dehradun Meteorological Center,Uttarakhand,Dehradun,30.316,78.032,682,Himalayan Foothills,"PT100 RTD, Setra 278 Barometer, Texas TR-525 Rain Gauge",27.6,70.0,940.2,0.65,157.0,0.0,649.1,13.6,None,Authentic WMO/IMD Station Observation (IST),
2026-09-22T11:15:00,11,DED01,42111,Dehradun Meteorological Center,Uttarakhand,Dehradun,30.316,78.032,682,Himalayan Foothills,"PT100 RTD, Setra 278 Barometer, Texas TR-525 Rain Gauge",28.3,69.0,940.1,0.95,198.0,0.0,704.2,13.66,None,Live Real-Time IMD/AWS Ground Observation (IST),True
2026-09-21T12:00:00,12,IXC01,42131,Chandigarh Observatory,Chandigarh,Chandigarh,30.733,76.779,321,North Plains,"PT100 RTD, Vaisala PTB210, Rotronic HC2A Temp/RH",32.8,48.0,973.1,2.47,306.0,0.0,748.5,13.72,None,Authentic WMO/IMD Station Observation (IST),
2026-09-21T13:00:00,13,IXC01,42131,Chandigarh Observatory,Chandigarh,Chandigarh,30.733,76.779,321,North Plains,"PT100 RTD, Vaisala PTB210, Rotronic HC2A Temp/RH",33.2,46.0,971.8,2.41,310.0,0.0,705.4,13.63,None,Authentic WMO/IMD Station Observation (IST),
2026-09-21T14:00:00,14,IXC01,42131,Chandigarh Observatory,Chandigarh,Chandigarh,30.733,76.779,321,North Plains,"PT100 RTD, Vaisala PTB210, Rotronic HC2A Temp/RH",33.2,45.0,970.9,2.72,313.0,0.0,556.7,13.44,None,Authentic WMO/IMD Station Observation (IST),
2026-09-21T15:00:00,15,IXC01,42131,Chandigarh Observatory,Chandigarh,Chandigarh,30.733,76.779,321,North Plains,"PT100 RTD, Vaisala PTB210, Rotronic HC2A Temp/RH",33.2,45.0,970.1,2.69,315.0,0.0,431.0,13.13,None,Authentic WMO/IMD Station Observation (IST),
2026-09-21T16:00:00,16,IXC01,42131,Chandigarh Observatory,Chandigarh,Chandigarh,30.733,76.779,321,North Plains,"PT100 RTD, Vaisala PTB210, Rotronic HC2A Temp/RH",32.7,46.0,969.6,2.59,319.0,0.0,267.9,12.89,None,Authentic WMO/IMD Station Observation (IST),
2026-09-21T17:00:00,17,IXC01,42131,Chandigarh Observatory,Chandigarh,Chandigarh,30.733,76.779,321,North Plains,"PT100 RTD, Vaisala PTB210, Rotronic HC2A Temp/RH",31.4,54.0,969.8,2.06,311.0,0.0,94.9,12.52,None,Authentic WMO/IMD Station Observation (IST),
2026-09-21T18:00:00,18,IXC01,42131,Chandigarh Observatory,Chandigarh,Chandigarh,30.733,76.779,321,North Plains,"PT100 RTD, Vaisala PTB210, Rotronic HC2A Temp/RH",29.5,62.0,969.9,1.25,337.0,0.0,0.0,12.22,None,Authentic WMO/IMD Station Observation (IST),
2026-09-21T19:00:00,19,IXC01,42131,Chandigarh Observatory,Chandigarh,Chandigarh,30.733,76.779,321,North Plains,"PT100 RTD, Vaisala PTB210, Rotronic HC2A Temp/RH",28.6,64.0,970.2,1.4,356.0,0.0,0.0,12.35,None,Authentic WMO/IMD Station Observation (IST),
2026-09-21T20:00:00,20,IXC01,42131,Chandigarh Observatory,Chandigarh,Chandigarh,30.733,76.779,321,North Plains,"PT100 RTD, Vaisala PTB210, Rotronic HC2A Temp/RH",27.9,66.0,970.8,1.82,9.0,0.0,0.0,12.3,None,Authentic WMO/IMD Station Observation (IST),
2026-09-21T21:00:00,21,IXC01,42131,Chandigarh Observatory,Chandigarh,Chandigarh,30.733,76.779,321,North Plains,"PT100 RTD, Vaisala PTB210, Rotronic HC2A Temp/RH",27.1,68.0,971.0,1.37,33.0,0.0,0.0,12.31,None,Authentic WMO/IMD Station Observation (IST),
2026-09-21T22:00:00,22,IXC01,42131,Chandigarh Observatory,Chandigarh,Chandigarh,30.733,76.779,321,North Plains,"PT100 RTD, Vaisala PTB210, Rotronic HC2A Temp/RH",26.1,75.0,970.9,0.3,90.0,0.0,0.0,12.33,None,Authentic WMO/IMD Station Observation (IST),
2026-09-21T23:00:00,23,IXC01,42131,Chandigarh Observatory,Chandigarh,Chandigarh,30.733,76.779,321,North Plains,"PT100 RTD, Vaisala PTB210, Rotronic HC2A Temp/RH",26.7,76.0,971.3,0.67,103.0,0.0,0.0,12.33,None,Authentic WMO/IMD Station Observation (IST),
2026-09-22T00:00:00,0,IXC01,42131,Chandigarh Observatory,Chandigarh,Chandigarh,30.733,76.779,321,North Plains,"PT100 RTD, Vaisala PTB210, Rotronic HC2A Temp/RH",25.5,80.0,971.3,1.25,113.0,0.0,0.0,12.41,None,Authentic WMO/IMD Station Observation (IST),
2026-09-22T01:00:00,1,IXC01,42131,Chandigarh Observatory,Chandigarh,Chandigarh,30.733,76.779,321,North Plains,"PT100 RTD, Vaisala PTB210, Rotronic HC2A Temp/RH",24.9,83.0,971.0,1.05,90.0,0.0,0.0,12.29,None,Authentic WMO/IMD Station Observation (IST),
2026-09-22T02:00:00,2,IXC01,42131,Chandigarh Observatory,Chandigarh,Chandigarh,30.733,76.779,321,North Plains,"PT100 RTD, Vaisala PTB210, Rotronic HC2A Temp/RH",24.3,84.0,970.7,0.65,67.0,0.0,0.0,12.3,None,Authentic WMO/IMD Station Observation (IST),
2026-09-22T03:00:00,3,IXC01,42131,Chandigarh Observatory,Chandigarh,Chandigarh,30.733,76.779,321,North Plains,"PT100 RTD, Vaisala PTB210, Rotronic HC2A Temp/RH",23.6,85.0,970.2,0.46,49.0,0.0,0.0,12.35,None,Authentic WMO/IMD Station Observation (IST),
2026-09-22T04:00:00,4,IXC01,42131,Chandigarh Observatory,Chandigarh,Chandigarh,30.733,76.779,321,North Plains,"PT100 RTD, Vaisala PTB210, Rotronic HC2A Temp/RH",22.9,87.0,970.1,0.32,39.0,0.0,0.0,12.34,None,Authentic WMO/IMD Station Observation (IST),
2026-09-22T05:00:00,5,IXC01,42131,Chandigarh Observatory,Chandigarh,Chandigarh,30.733,76.779,321,North Plains,"PT100 RTD, Vaisala PTB210, Rotronic HC2A Temp/RH",22.5,87.0,970.1,0.64,39.0,0.0,0.0,12.34,None,Authentic WMO/IMD Station Observation (IST),
2026-09-22T06:00:00,6,IXC01,42131,Chandigarh Observatory,Chandigarh,Chandigarh,30.733,76.779,321,North Plains,"PT100 RTD, Vaisala PTB210, Rotronic HC2A Temp/RH",22.3,86.0,970.6,0.82,38.0,0.0,15.7,12.38,None,Authentic WMO/IMD Station Observation (IST),
2026-09-22T07:00:00,7,IXC01,42131,Chandigarh Observatory,Chandigarh,Chandigarh,30.733,76.779,321,North Plains,"PT100 RTD, Vaisala PTB210, Rotronic HC2A Temp/RH",24.2,82.0,971.3,1.17,40.0,0.0,136.8,12.67,None,Authentic WMO/IMD Station Observation (IST),
2026-09-22T08:00:00,8,IXC01,42131,Chandigarh Observatory,Chandigarh,Chandigarh,30.733,76.779,321,North Plains,"PT100 RTD, Vaisala PTB210, Rotronic HC2A Temp/RH",27.6,68.0,972.1,0.81,300.0,0.0,319.9,12.9,None,Authentic WMO/IMD Station Observation (IST),
2026-09-22T09:00:00,9,IXC01,42131,Chandigarh Observatory,Chandigarh,Chandigarh,30.733,76.779,321,North Plains,"PT100 RTD, Vaisala PTB210, Rotronic HC2A Temp/RH",28.9,64.0,972.5,1.26,277.0,0.0,505.4,13.36,None,Authentic WMO/IMD Station Observation (IST),
2026-09-22T10:00:00,10,IXC01,42131,Chandigarh Observatory,Chandigarh,Chandigarh,30.733,76.779,321,North Plains,"PT100 RTD, Vaisala PTB210, Rotronic HC2A Temp/RH",30.3,57.0,972.4,1.52,279.0,0.0,653.5,13.53,None,Authentic WMO/IMD Station Observation (IST),
2026-09-22T11:15:00,11,IXC01,42131,Chandigarh Observatory,Chandigarh,Chandigarh,30.733,76.779,321,North Plains,"PT100 RTD, Vaisala PTB210, Rotronic HC2A Temp/RH",31.2,54.0,972.2,1.65,273.0,0.0,740.1,13.71,None,Live Real-Time IMD/AWS Ground Observation (IST),True
2026-09-21T12:00:00,12,JAI01,42348,Jaipur Observatory (Sanganer),Rajasthan,Jaipur,26.824,75.812,390,Northwest Semi-Arid,"PT100 RTD, Kipp & Zonen Pyranometer, Vaisala HMP155",33.0,45.0,969.1,1.77,82.0,0.1,833.6,13.78,None,Authentic WMO/IMD Station Observation (IST),
2026-09-21T13:00:00,13,JAI01,42348,Jaipur Observatory (Sanganer),Rajasthan,Jaipur,26.824,75.812,390,Northwest Semi-Arid,"PT100 RTD, Kipp & Zonen Pyranometer, Vaisala HMP155",33.1,45.0,968.1,1.78,80.0,0.0,760.5,13.65,None,Authentic WMO/IMD Station Observation (IST),
2026-09-21T14:00:00,14,JAI01,42348,Jaipur Observatory (Sanganer),Rajasthan,Jaipur,26.824,75.812,390,Northwest Semi-Arid,"PT100 RTD, Kipp & Zonen Pyranometer, Vaisala HMP155",33.1,45.0,967.1,1.5,69.0,0.0,644.1,13.53,None,Authentic WMO/IMD Station Observation (IST),
2026-09-21T15:00:00,15,JAI01,42348,Jaipur Observatory (Sanganer),Rajasthan,Jaipur,26.824,75.812,390,Northwest Semi-Arid,"PT100 RTD, Kipp & Zonen Pyranometer, Vaisala HMP155",33.0,44.0,966.4,1.11,54.0,0.0,505.4,13.25,None,Authentic WMO/IMD Station Observation (IST),
2026-09-21T16:00:00,16,JAI01,42348,Jaipur Observatory (Sanganer),Rajasthan,Jaipur,26.824,75.812,390,Northwest Semi-Arid,"PT100 RTD, Kipp & Zonen Pyranometer, Vaisala HMP155",32.6,45.0,966.0,0.95,357.0,0.1,300.0,12.91,None,Authentic WMO/IMD Station Observation (IST),
2026-09-21T17:00:00,17,JAI01,42348,Jaipur Observatory (Sanganer),Rajasthan,Jaipur,26.824,75.812,390,Northwest Semi-Arid,"PT100 RTD, Kipp & Zonen Pyranometer, Vaisala HMP155",32.4,51.0,965.9,0.45,27.0,0.0,129.7,12.71,None,Authentic WMO/IMD Station Observation (IST),
2026-09-21T18:00:00,18,JAI01,42348,Jaipur Observatory (Sanganer),Rajasthan,Jaipur,26.824,75.812,390,Northwest Semi-Arid,"PT100 RTD, Kipp & Zonen Pyranometer, Vaisala HMP155",30.4,58.0,966.2,0.6,66.0,0.0,0.0,12.43,None,Authentic WMO/IMD Station Observation (IST),
2026-09-21T19:00:00,19,JAI01,42348,Jaipur Observatory (Sanganer),Rajasthan,Jaipur,26.824,75.812,390,Northwest Semi-Arid,"PT100 RTD, Kipp & Zonen Pyranometer, Vaisala HMP155",28.9,66.0,966.8,1.07,62.0,0.0,0.0,12.38,None,Authentic WMO/IMD Station Observation (IST),
2026-09-21T20:00:00,20,JAI01,42348,Jaipur Observatory (Sanganer),Rajasthan,Jaipur,26.824,75.812,390,Northwest Semi-Arid,"PT100 RTD, Kipp & Zonen Pyranometer, Vaisala HMP155",28.0,73.0,967.3,0.97,69.0,0.0,0.0,12.35,None,Authentic WMO/IMD Station Observation (IST),
2026-09-21T21:00:00,21,JAI01,42348,Jaipur Observatory (Sanganer),Rajasthan,Jaipur,26.824,75.812,390,Northwest Semi-Arid,"PT100 RTD, Kipp & Zonen Pyranometer, Vaisala HMP155",27.5,76.0,967.5,0.46,49.0,0.0,0.0,12.48,None,Authentic WMO/IMD Station Observation (IST),
2026-09-21T22:00:00,22,JAI01,42348,Jaipur Observatory (Sanganer),Rajasthan,Jaipur,26.824,75.812,390,Northwest Semi-Arid,"PT100 RTD, Kipp & Zonen Pyranometer, Vaisala HMP155",26.8,79.0,967.5,0.38,23.0,0.0,0.0,12.32,None,Authentic WMO/IMD Station Observation (IST),
2026-09-21T23:00:00,23,JAI01,42348,Jaipur Observatory (Sanganer),Rajasthan,Jaipur,26.824,75.812,390,Northwest Semi-Arid,"PT100 RTD, Kipp & Zonen Pyranometer, Vaisala HMP155",26.4,81.0,967.2,1.01,117.0,0.0,0.0,12.31,None,Authentic WMO/IMD Station Observation (IST),
2026-09-22T00:00:00,0,JAI01,42348,Jaipur Observatory (Sanganer),Rajasthan,Jaipur,26.824,75.812,390,Northwest Semi-Arid,"PT100 RTD, Kipp & Zonen Pyranometer, Vaisala HMP155",26.0,80.0,966.9,0.53,139.0,0.0,0.0,12.34,None,Authentic WMO/IMD Station Observation (IST),
2026-09-22T01:00:00,1,JAI01,42348,Jaipur Observatory (Sanganer),Rajasthan,Jaipur,26.824,75.812,390,Northwest Semi-Arid,"PT100 RTD, Kipp & Zonen Pyranometer, Vaisala HMP155",26.0,77.0,966.8,0.42,225.0,0.0,0.0,12.34,None,Authentic WMO/IMD Station Observation (IST),
2026-09-22T02:00:00,2,JAI01,42348,Jaipur Observatory (Sanganer),Rajasthan,Jaipur,26.824,75.812,390,Northwest Semi-Arid,"PT100 RTD, Kipp & Zonen Pyranometer, Vaisala HMP155",25.7,77.0,966.5,0.76,262.0,0.0,0.0,12.32,None,Authentic WMO/IMD Station Observation (IST),
2026-09-22T03:00:00,3,JAI01,42348,Jaipur Observatory (Sanganer),Rajasthan,Jaipur,26.824,75.812,390,Northwest Semi-Arid,"PT100 RTD, Kipp & Zonen Pyranometer, Vaisala HMP155",25.3,78.0,966.2,1.05,273.0,0.0,0.0,12.44,None,Authentic WMO/IMD Station Observation (IST),
2026-09-22T04:00:00,4,JAI01,42348,Jaipur Observatory (Sanganer),Rajasthan,Jaipur,26.824,75.812,390,Northwest Semi-Arid,"PT100 RTD, Kipp & Zonen Pyranometer, Vaisala HMP155",25.3,77.0,966.3,0.8,270.0,0.0,0.0,12.31,None,Authentic WMO/IMD Station Observation (IST),
2026-09-22T05:00:00,5,JAI01,42348,Jaipur Observatory (Sanganer),Rajasthan,Jaipur,26.824,75.812,390,Northwest Semi-Arid,"PT100 RTD, Kipp & Zonen Pyranometer, Vaisala HMP155",25.0,77.0,966.3,0.95,288.0,0.0,0.0,12.34,None,Authentic WMO/IMD Station Observation (IST),
2026-09-22T06:00:00,6,JAI01,42348,Jaipur Observatory (Sanganer),Rajasthan,Jaipur,26.824,75.812,390,Northwest Semi-Arid,"PT100 RTD, Kipp & Zonen Pyranometer, Vaisala HMP155",24.9,78.0,966.8,1.03,299.0,0.0,10.7,12.41,None,Authentic WMO/IMD Station Observation (IST),
2026-09-22T07:00:00,7,JAI01,42348,Jaipur Observatory (Sanganer),Rajasthan,Jaipur,26.824,75.812,390,Northwest Semi-Arid,"PT100 RTD, Kipp & Zonen Pyranometer, Vaisala HMP155",26.5,72.0,967.5,1.31,317.0,0.0,152.6,12.62,None,Authentic WMO/IMD Station Observation (IST),
2026-09-22T08:00:00,8,JAI01,42348,Jaipur Observatory (Sanganer),Rajasthan,Jaipur,26.824,75.812,390,Northwest Semi-Arid,"PT100 RTD, Kipp & Zonen Pyranometer, Vaisala HMP155",28.7,62.0,968.5,1.23,297.0,0.0,361.1,13.02,None,Authentic WMO/IMD Station Observation (IST),
2026-09-22T09:00:00,9,JAI01,42348,Jaipur Observatory (Sanganer),Rajasthan,Jaipur,26.824,75.812,390,Northwest Semi-Arid,"PT100 RTD, Kipp & Zonen Pyranometer, Vaisala HMP155",30.4,55.0,968.9,1.3,268.0,0.0,565.3,13.47,None,Authentic WMO/IMD Station Observation (IST),
2026-09-22T10:00:00,10,JAI01,42348,Jaipur Observatory (Sanganer),Rajasthan,Jaipur,26.824,75.812,390,Northwest Semi-Arid,"PT100 RTD, Kipp & Zonen Pyranometer, Vaisala HMP155",31.8,49.0,969.0,1.17,260.0,0.0,723.8,13.69,None,Authentic WMO/IMD Station Observation (IST),
2026-09-22T11:15:00,11,JAI01,42348,Jaipur Observatory (Sanganer),Rajasthan,Jaipur,26.824,75.812,390,Northwest Semi-Arid,"PT100 RTD, Kipp & Zonen Pyranometer, Vaisala HMP155",32.6,46.0,968.8,1.07,259.0,0.0,785.0,13.73,None,Live Real-Time IMD/AWS Ground Observation (IST),True
2026-09-21T12:00:00,12,JSA01,42205,Jaisalmer Desert AWS,Rajasthan,Jaisalmer,26.915,70.908,224,Thar Desert,"Dust-shielded PT100 RTD, Kipp & Zonen CMP11, Vaisala HMP155",36.5,30.0,983.9,2.01,14.0,0.0,831.8,13.73,None,Authentic WMO/IMD Station Observation (IST),
2026-09-21T13:00:00,13,JSA01,42205,Jaisalmer Desert AWS,Rajasthan,Jaisalmer,26.915,70.908,224,Thar Desert,"Dust-shielded PT100 RTD, Kipp & Zonen CMP11, Vaisala HMP155",36.8,30.0,982.9,2.14,16.0,0.0,756.6,13.74,None,Authentic WMO/IMD Station Observation (IST),
2026-09-21T14:00:00,14,JSA01,42205,Jaisalmer Desert AWS,Rajasthan,Jaisalmer,26.915,70.908,224,Thar Desert,"Dust-shielded PT100 RTD, Kipp & Zonen CMP11, Vaisala HMP155",37.0,28.0,982.0,2.31,22.0,0.0,731.7,13.64,None,Authentic WMO/IMD Station Observation (IST),
2026-09-21T15:00:00,15,JSA01,42205,Jaisalmer Desert AWS,Rajasthan,Jaisalmer,26.915,70.908,224,Thar Desert,"Dust-shielded PT100 RTD, Kipp & Zonen CMP11, Vaisala HMP155",36.9,28.0,981.3,2.67,21.0,0.0,599.4,13.46,None,Authentic WMO/IMD Station Observation (IST),
2026-09-21T16:00:00,16,JSA01,42205,Jaisalmer Desert AWS,Rajasthan,Jaisalmer,26.915,70.908,224,Thar Desert,"Dust-shielded PT100 RTD, Kipp & Zonen CMP11, Vaisala HMP155",36.3,29.0,980.8,2.34,16.0,0.0,410.2,13.16,None,Authentic WMO/IMD Station Observation (IST),
2026-09-21T17:00:00,17,JSA01,42205,Jaisalmer Desert AWS,Rajasthan,Jaisalmer,26.915,70.908,224,Thar Desert,"Dust-shielded PT100 RTD, Kipp & Zonen CMP11, Vaisala HMP155",35.8,33.0,980.5,2.26,13.0,0.0,202.4,12.74,None,Authentic WMO/IMD Station Observation (IST),
2026-09-21T18:00:00,18,JSA01,42205,Jaisalmer Desert AWS,Rajasthan,Jaisalmer,26.915,70.908,224,Thar Desert,"Dust-shielded PT100 RTD, Kipp & Zonen CMP11, Vaisala HMP155",32.7,45.0,980.5,1.4,4.0,0.0,23.0,12.39,None,Authentic WMO/IMD Station Observation (IST),
2026-09-21T19:00:00,19,JSA01,42205,Jaisalmer Desert AWS,Rajasthan,Jaisalmer,26.915,70.908,224,Thar Desert,"Dust-shielded PT100 RTD, Kipp & Zonen CMP11, Vaisala HMP155",30.8,50.0,980.9,1.42,32.0,0.0,0.0,12.31,None,Authentic WMO/IMD Station Observation (IST),
2026-09-21T20:00:00,20,JSA01,42205,Jaisalmer Desert AWS,Rajasthan,Jaisalmer,26.915,70.908,224,Thar Desert,"Dust-shielded PT100 RTD, Kipp & Zonen CMP11, Vaisala HMP155",29.7,55.0,981.5,1.25,92.0,0.0,0.0,12.27,None,Authentic WMO/IMD Station Observation (IST),
2026-09-21T21:00:00,21,JSA01,42205,Jaisalmer Desert AWS,Rajasthan,Jaisalmer,26.915,70.908,224,Thar Desert,"Dust-shielded PT100 RTD, Kipp & Zonen CMP11, Vaisala HMP155",29.5,53.0,982.1,0.83,155.0,0.0,0.0,12.3,None,Authentic WMO/IMD Station Observation (IST),
2026-09-21T22:00:00,22,JSA01,42205,Jaisalmer Desert AWS,Rajasthan,Jaisalmer,26.915,70.908,224,Thar Desert,"Dust-shielded PT100 RTD, Kipp & Zonen CMP11, Vaisala HMP155",29.8,49.0,982.3,0.41,194.0,0.0,0.0,12.39,None,Authentic WMO/IMD Station Observation (IST),
2026-09-21T23:00:00,23,JSA01,42205,Jaisalmer Desert AWS,Rajasthan,Jaisalmer,26.915,70.908,224,Thar Desert,"Dust-shielded PT100 RTD, Kipp & Zonen CMP11, Vaisala HMP155",30.3,46.0,981.9,1.1,156.0,0.0,0.0,12.34,None,Authentic WMO/IMD Station Observation (IST),
2026-09-22T00:00:00,0,JSA01,42205,Jaisalmer Desert AWS,Rajasthan,Jaisalmer,26.915,70.908,224,Thar Desert,"Dust-shielded PT100 RTD, Kipp & Zonen CMP11, Vaisala HMP155",28.2,51.0,981.5,2.15,158.0,0.0,0.0,12.28,None,Authentic WMO/IMD Station Observation (IST),
2026-09-22T01:00:00,1,JSA01,42205,Jaisalmer Desert AWS,Rajasthan,Jaisalmer,26.915,70.908,224,Thar Desert,"Dust-shielded PT100 RTD, Kipp & Zonen CMP11, Vaisala HMP155",27.7,54.0,981.5,2.26,174.0,0.0,0.0,12.35,None,Authentic WMO/IMD Station Observation (IST),
2026-09-22T02:00:00,2,JSA01,42205,Jaisalmer Desert AWS,Rajasthan,Jaisalmer,26.915,70.908,224,Thar Desert,"Dust-shielded PT100 RTD, Kipp & Zonen CMP11, Vaisala HMP155",27.3,57.0,981.1,2.7,169.0,0.0,0.0,12.33,None,Authentic WMO/IMD Station Observation (IST),
2026-09-22T03:00:00,3,JSA01,42205,Jaisalmer Desert AWS,Rajasthan,Jaisalmer,26.915,70.908,224,Thar Desert,"Dust-shielded PT100 RTD, Kipp & Zonen CMP11, Vaisala HMP155",26.7,59.0,980.6,2.79,171.0,0.0,0.0,12.4,None,Authentic WMO/IMD Station Observation (IST),
2026-09-22T04:00:00,4,JSA01,42205,Jaisalmer Desert AWS,Rajasthan,Jaisalmer,26.915,70.908,224,Thar Desert,"Dust-shielded PT100 RTD, Kipp & Zonen CMP11, Vaisala HMP155",26.6,60.0,980.8,2.82,187.0,0.0,0.0,12.39,None,Authentic WMO/IMD Station Observation (IST),
2026-09-22T05:00:00,5,JSA01,42205,Jaisalmer Desert AWS,Rajasthan,Jaisalmer,26.915,70.908,224,Thar Desert,"Dust-shielded PT100 RTD, Kipp & Zonen CMP11, Vaisala HMP155",26.3,61.0,981.0,2.48,208.0,0.0,0.0,12.37,None,Authentic WMO/IMD Station Observation (IST),
2026-09-22T06:00:00,6,JSA01,42205,Jaisalmer Desert AWS,Rajasthan,Jaisalmer,26.915,70.908,224,Thar Desert,"Dust-shielded PT100 RTD, Kipp & Zonen CMP11, Vaisala HMP155",26.2,63.0,981.6,2.55,227.0,0.0,0.0,12.37,None,Authentic WMO/IMD Station Observation (IST),
2026-09-22T07:00:00,7,JSA01,42205,Jaisalmer Desert AWS,Rajasthan,Jaisalmer,26.915,70.908,224,Thar Desert,"Dust-shielded PT100 RTD, Kipp & Zonen CMP11, Vaisala HMP155",27.1,62.0,982.1,2.52,221.0,0.0,99.6,12.61,None,Authentic WMO/IMD Station Observation (IST),
2026-09-22T08:00:00,8,JSA01,42205,Jaisalmer Desert AWS,Rajasthan,Jaisalmer,26.915,70.908,224,Thar Desert,"Dust-shielded PT100 RTD, Kipp & Zonen CMP11, Vaisala HMP155",29.7,58.0,982.9,2.23,228.0,0.0,296.2,12.9,None,Authentic WMO/IMD Station Observation (IST),
2026-09-22T09:00:00,9,JSA01,42205,Jaisalmer Desert AWS,Rajasthan,Jaisalmer,26.915,70.908,224,Thar Desert,"Dust-shielded PT100 RTD, Kipp & Zonen CMP11, Vaisala HMP155",32.4,48.0,983.4,1.98,249.0,0.0,512.8,13.28,None,Authentic WMO/IMD Station Observation (IST),
2026-09-22T10:00:00,10,JSA01,42205,Jaisalmer Desert AWS,Rajasthan,Jaisalmer,26.915,70.908,224,Thar Desert,"Dust-shielded PT100 RTD, Kipp & Zonen CMP11, Vaisala HMP155",34.4,42.0,983.6,1.86,264.0,0.0,693.7,13.67,None,Authentic WMO/IMD Station Observation (IST),
2026-09-22T11:15:00,11,JSA01,42205,Jaisalmer Desert AWS,Rajasthan,Jaisalmer,26.915,70.908,224,Thar Desert,"Dust-shielded PT100 RTD, Kipp & Zonen CMP11, Vaisala HMP155",35.7,35.0,983.7,1.65,270.0,0.0,801.6,13.81,None,Live Real-Time IMD/AWS Ground Observation (IST),True
2026-09-21T12:00:00,12,LKO01,42369,Lucknow (Amausi Airport),Uttar Pradesh,Lucknow,26.76,80.88,128,Central Gangetic Plains,"PT100 RTD, Setra 278, Young Wind Monitor",32.4,63.0,996.0,1.86,96.0,0.2,724.8,13.71,None,Authentic WMO/IMD Station Observation (IST),
2026-09-21T13:00:00,13,LKO01,42369,Lucknow (Amausi Airport),Uttar Pradesh,Lucknow,26.76,80.88,128,Central Gangetic Plains,"PT100 RTD, Setra 278, Young Wind Monitor",32.1,66.0,994.8,1.85,109.0,0.3,666.7,13.54,None,Authentic WMO/IMD Station Observation (IST),
2026-09-21T14:00:00,14,LKO01,42369,Lucknow (Amausi Airport),Uttar Pradesh,Lucknow,26.76,80.88,128,Central Gangetic Plains,"PT100 RTD, Setra 278, Young Wind Monitor",31.3,72.0,993.7,1.16,173.0,0.3,512.8,13.3,None,Authentic WMO/IMD Station Observation (IST),
2026-09-21T15:00:00,15,LKO01,42369,Lucknow (Amausi Airport),Uttar Pradesh,Lucknow,26.76,80.88,128,Central Gangetic Plains,"PT100 RTD, Setra 278, Young Wind Monitor",31.7,70.0,992.9,0.75,217.0,0.2,406.2,13.04,None,Authentic WMO/IMD Station Observation (IST),
2026-09-21T16:00:00,16,LKO01,42369,Lucknow (Amausi Airport),Uttar Pradesh,Lucknow,26.76,80.88,128,Central Gangetic Plains,"PT100 RTD, Setra 278, Young Wind Monitor",31.4,68.0,992.4,0.43,291.0,0.1,233.2,12.89,None,Authentic WMO/IMD Station Observation (IST),
2026-09-21T17:00:00,17,LKO01,42369,Lucknow (Amausi Airport),Uttar Pradesh,Lucknow,26.76,80.88,128,Central Gangetic Plains,"PT100 RTD, Setra 278, Young Wind Monitor",31.4,68.0,993.0,1.55,75.0,0.3,59.6,12.53,None,Authentic WMO/IMD Station Observation (IST),
2026-09-21T18:00:00,18,LKO01,42369,Lucknow (Amausi Airport),Uttar Pradesh,Lucknow,26.76,80.88,128,Central Gangetic Plains,"PT100 RTD, Setra 278, Young Wind Monitor",29.8,73.0,993.7,1.6,76.0,0.0,0.0,12.38,None,Authentic WMO/IMD Station Observation (IST),
2026-09-21T19:00:00,19,LKO01,42369,Lucknow (Amausi Airport),Uttar Pradesh,Lucknow,26.76,80.88,128,Central Gangetic Plains,"PT100 RTD, Setra 278, Young Wind Monitor",29.4,80.0,994.4,0.86,100.0,0.0,0.0,12.38,None,Authentic WMO/IMD Station Observation (IST),
2026-09-21T20:00:00,20,LKO01,42369,Lucknow (Amausi Airport),Uttar Pradesh,Lucknow,26.76,80.88,128,Central Gangetic Plains,"PT100 RTD, Setra 278, Young Wind Monitor",28.8,82.0,995.1,0.3,171.0,0.0,0.0,12.34,None,Authentic WMO/IMD Station Observation (IST),
2026-09-21T21:00:00,21,LKO01,42369,Lucknow (Amausi Airport),Uttar Pradesh,Lucknow,26.76,80.88,128,Central Gangetic Plains,"PT100 RTD, Setra 278, Young Wind Monitor",28.6,83.0,995.5,0.54,112.0,0.0,0.0,12.33,None,Authentic WMO/IMD Station Observation (IST),
2026-09-21T22:00:00,22,LKO01,42369,Lucknow (Amausi Airport),Uttar Pradesh,Lucknow,26.76,80.88,128,Central Gangetic Plains,"PT100 RTD, Setra 278, Young Wind Monitor",28.1,85.0,995.6,0.95,90.0,0.0,0.0,12.29,None,Authentic WMO/IMD Station Observation (IST),
2026-09-21T23:00:00,23,LKO01,42369,Lucknow (Amausi Airport),Uttar Pradesh,Lucknow,26.76,80.88,128,Central Gangetic Plains,"PT100 RTD, Setra 278, Young Wind Monitor",28.2,86.0,995.2,1.25,85.0,0.0,0.0,12.35,None,Authentic WMO/IMD Station Observation (IST),
2026-09-22T00:00:00,0,LKO01,42369,Lucknow (Amausi Airport),Uttar Pradesh,Lucknow,26.76,80.88,128,Central Gangetic Plains,"PT100 RTD, Setra 278, Young Wind Monitor",27.5,88.0,994.9,0.78,195.0,1.0,0.0,12.3,None,Authentic WMO/IMD Station Observation (IST),
2026-09-22T01:00:00,1,LKO01,42369,Lucknow (Amausi Airport),Uttar Pradesh,Lucknow,26.76,80.88,128,Central Gangetic Plains,"PT100 RTD, Setra 278, Young Wind Monitor",27.2,91.0,994.6,0.6,355.0,0.1,0.0,12.37,None,Authentic WMO/IMD Station Observation (IST),
2026-09-22T02:00:00,2,LKO01,42369,Lucknow (Amausi Airport),Uttar Pradesh,Lucknow,26.76,80.88,128,Central Gangetic Plains,"PT100 RTD, Setra 278, Young Wind Monitor",26.8,95.0,994.4,0.85,360.0,0.0,0.0,12.39,None,Authentic WMO/IMD Station Observation (IST),
2026-09-22T03:00:00,3,LKO01,42369,Lucknow (Amausi Airport),Uttar Pradesh,Lucknow,26.76,80.88,128,Central Gangetic Plains,"PT100 RTD, Setra 278, Young Wind Monitor",27.0,93.0,994.0,0.36,56.0,0.0,0.0,12.33,None,Authentic WMO/IMD Station Observation (IST),
2026-09-22T04:00:00,4,LKO01,42369,Lucknow (Amausi Airport),Uttar Pradesh,Lucknow,26.76,80.88,128,Central Gangetic Plains,"PT100 RTD, Setra 278, Young Wind Monitor",26.9,92.0,993.8,0.3,90.0,0.0,0.0,12.37,None,Authentic WMO/IMD Station Observation (IST),
2026-09-22T05:00:00,5,LKO01,42369,Lucknow (Amausi Airport),Uttar Pradesh,Lucknow,26.76,80.88,128,Central Gangetic Plains,"PT100 RTD, Setra 278, Young Wind Monitor",26.7,92.0,994.1,0.18,56.0,0.0,0.0,12.34,None,Authentic WMO/IMD Station Observation (IST),
2026-09-22T06:00:00,6,LKO01,42369,Lucknow (Amausi Airport),Uttar Pradesh,Lucknow,26.76,80.88,128,Central Gangetic Plains,"PT100 RTD, Setra 278, Young Wind Monitor",26.7,93.0,994.5,0.4,360.0,0.0,46.1,12.29,None,Authentic WMO/IMD Station Observation (IST),
2026-09-22T07:00:00,7,LKO01,42369,Lucknow (Amausi Airport),Uttar Pradesh,Lucknow,26.76,80.88,128,Central Gangetic Plains,"PT100 RTD, Setra 278, Young Wind Monitor",27.6,89.0,995.0,0.68,17.0,0.0,194.4,12.72,None,Authentic WMO/IMD Station Observation (IST),
2026-09-22T08:00:00,8,LKO01,42369,Lucknow (Amausi Airport),Uttar Pradesh,Lucknow,26.76,80.88,128,Central Gangetic Plains,"PT100 RTD, Setra 278, Young Wind Monitor",29.0,82.0,995.6,0.65,32.0,0.0,393.6,13.02,None,Authentic WMO/IMD Station Observation (IST),
2026-09-22T09:00:00,9,LKO01,42369,Lucknow (Amausi Airport),Uttar Pradesh,Lucknow,26.76,80.88,128,Central Gangetic Plains,"PT100 RTD, Setra 278, Young Wind Monitor",30.5,71.0,995.7,1.01,63.0,0.0,576.7,13.4,None,Authentic WMO/IMD Station Observation (IST),
2026-09-22T10:00:00,10,LKO01,42369,Lucknow (Amausi Airport),Uttar Pradesh,Lucknow,26.76,80.88,128,Central Gangetic Plains,"PT100 RTD, Setra 278, Young Wind Monitor",31.6,66.0,995.8,1.23,78.0,0.0,695.0,13.62,None,Authentic WMO/IMD Station Observation (IST),
2026-09-22T11:15:00,11,LKO01,42369,Lucknow (Amausi Airport),Uttar Pradesh,Lucknow,26.76,80.88,128,Central Gangetic Plains,"PT100 RTD, Setra 278, Young Wind Monitor",31.9,65.0,995.5,1.27,79.0,0.0,746.3,13.64,None,Live Real-Time IMD/AWS Ground Observation (IST),True
2026-09-21T12:00:00,12,VNS01,42475,Varanasi (Babatpur),Uttar Pradesh,Varanasi,25.45,82.859,81,East Gangetic Plains,"PT100 RTD, Campbell CS215, Texas TR-525 Rain Gauge",31.3,65.0,1000.0,2.82,70.0,0.0,781.8,13.75,None,Authentic WMO/IMD Station Observation (IST),
2026-09-21T13:00:00,13,VNS01,42475,Varanasi (Babatpur),Uttar Pradesh,Varanasi,25.45,82.859,81,East Gangetic Plains,"PT100 RTD, Campbell CS215, Texas TR-525 Rain Gauge",31.7,62.0,998.5,2.71,67.0,0.0,724.3,13.67,None,Authentic WMO/IMD Station Observation (IST),
2026-09-21T14:00:00,14,VNS01,42475,Varanasi (Babatpur),Uttar Pradesh,Varanasi,25.45,82.859,81,East Gangetic Plains,"PT100 RTD, Campbell CS215, Texas TR-525 Rain Gauge",31.6,62.0,997.4,2.82,57.0,0.0,581.4,13.4,None,Authentic WMO/IMD Station Observation (IST),
2026-09-21T15:00:00,15,VNS01,42475,Varanasi (Babatpur),Uttar Pradesh,Varanasi,25.45,82.859,81,East Gangetic Plains,"PT100 RTD, Campbell CS215, Texas TR-525 Rain Gauge",31.4,63.0,997.0,2.83,54.0,0.1,405.1,13.21,None,Authentic WMO/IMD Station Observation (IST),
2026-09-21T16:00:00,16,VNS01,42475,Varanasi (Babatpur),Uttar Pradesh,Varanasi,25.45,82.859,81,East Gangetic Plains,"PT100 RTD, Campbell CS215, Texas TR-525 Rain Gauge",30.8,69.0,996.7,2.42,52.0,0.0,214.5,12.85,None,Authentic WMO/IMD Station Observation (IST),
2026-09-21T17:00:00,17,VNS01,42475,Varanasi (Babatpur),Uttar Pradesh,Varanasi,25.45,82.859,81,East Gangetic Plains,"PT100 RTD, Campbell CS215, Texas TR-525 Rain Gauge",29.9,74.0,997.2,1.96,58.0,0.0,46.6,12.47,None,Authentic WMO/IMD Station Observation (IST),
2026-09-21T18:00:00,18,VNS01,42475,Varanasi (Babatpur),Uttar Pradesh,Varanasi,25.45,82.859,81,East Gangetic Plains,"PT100 RTD, Campbell CS215, Texas TR-525 Rain Gauge",28.8,77.0,998.1,2.11,59.0,0.0,0.0,12.28,None,Authentic WMO/IMD Station Observation (IST),
2026-09-21T19:00:00,19,VNS01,42475,Varanasi (Babatpur),Uttar Pradesh,Varanasi,25.45,82.859,81,East Gangetic Plains,"PT100 RTD, Campbell CS215, Texas TR-525 Rain Gauge",28.1,81.0,998.9,1.73,57.0,0.0,0.0,12.41,None,Authentic WMO/IMD Station Observation (IST),
2026-09-21T20:00:00,20,VNS01,42475,Varanasi (Babatpur),Uttar Pradesh,Varanasi,25.45,82.859,81,East Gangetic Plains,"PT100 RTD, Campbell CS215, Texas TR-525 Rain Gauge",27.6,83.0,999.7,1.86,59.0,0.0,0.0,12.44,None,Authentic WMO/IMD Station Observation (IST),
2026-09-21T21:00:00,21,VNS01,42475,Varanasi (Babatpur),Uttar Pradesh,Varanasi,25.45,82.859,81,East Gangetic Plains,"PT100 RTD, Campbell CS215, Texas TR-525 Rain Gauge",27.2,85.0,1000.0,2.17,71.0,0.0,0.0,12.39,None,Authentic WMO/IMD Station Observation (IST),
2026-09-21T22:00:00,22,VNS01,42475,Varanasi (Babatpur),Uttar Pradesh,Varanasi,25.45,82.859,81,East Gangetic Plains,"PT100 RTD, Campbell CS215, Texas TR-525 Rain Gauge",26.9,86.0,999.8,1.92,83.0,0.0,0.0,12.33,None,Authentic WMO/IMD Station Observation (IST),
2026-09-21T23:00:00,23,VNS01,42475,Varanasi (Babatpur),Uttar Pradesh,Varanasi,25.45,82.859,81,East Gangetic Plains,"PT100 RTD, Campbell CS215, Texas TR-525 Rain Gauge",27.1,88.0,999.6,1.42,80.0,0.0,0.0,12.37,None,Authentic WMO/IMD Station Observation (IST),
2026-09-22T00:00:00,0,VNS01,42475,Varanasi (Babatpur),Uttar Pradesh,Varanasi,25.45,82.859,81,East Gangetic Plains,"PT100 RTD, Campbell CS215, Texas TR-525 Rain Gauge",26.6,90.0,999.1,1.63,79.0,0.0,0.0,12.4,None,Authentic WMO/IMD Station Observation (IST),
2026-09-22T01:00:00,1,VNS01,42475,Varanasi (Babatpur),Uttar Pradesh,Varanasi,25.45,82.859,81,East Gangetic Plains,"PT100 RTD, Campbell CS215, Texas TR-525 Rain Gauge",26.4,91.0,998.7,1.29,77.0,0.0,0.0,12.2,None,Authentic WMO/IMD Station Observation (IST),
2026-09-22T02:00:00,2,VNS01,42475,Varanasi (Babatpur),Uttar Pradesh,Varanasi,25.45,82.859,81,East Gangetic Plains,"PT100 RTD, Campbell CS215, Texas TR-525 Rain Gauge",26.2,92.0,998.2,1.54,61.0,0.0,0.0,12.38,None,Authentic WMO/IMD Station Observation (IST),
2026-09-22T03:00:00,3,VNS01,42475,Varanasi (Babatpur),Uttar Pradesh,Varanasi,25.45,82.859,81,East Gangetic Plains,"PT100 RTD, Campbell CS215, Texas TR-525 Rain Gauge",25.9,93.0,998.0,2.47,36.0,0.0,0.0,12.27,None,Authentic WMO/IMD Station Observation (IST),
2026-09-22T04:00:00,4,VNS01,42475,Varanasi (Babatpur),Uttar Pradesh,Varanasi,25.45,82.859,81,East Gangetic Plains,"PT100 RTD, Campbell CS215, Texas TR-525 Rain Gauge",25.6,93.0,997.9,1.81,51.0,0.0,0.0,12.32,None,Authentic WMO/IMD Station Observation (IST),
2026-09-22T05:00:00,5,VNS01,42475,Varanasi (Babatpur),Uttar Pradesh,Varanasi,25.45,82.859,81,East Gangetic Plains,"PT100 RTD, Campbell CS215, Texas TR-525 Rain Gauge",25.4,94.0,998.3,1.39,52.0,0.0,0.0,12.38,None,Authentic WMO/IMD Station Observation (IST),
2026-09-22T06:00:00,6,VNS01,42475,Varanasi (Babatpur),Uttar Pradesh,Varanasi,25.45,82.859,81,East Gangetic Plains,"PT100 RTD, Campbell CS215, Texas TR-525 Rain Gauge",25.7,94.0,998.7,1.48,57.0,0.0,60.9,12.57,None,Authentic WMO/IMD Station Observation (IST),
2026-09-22T07:00:00,7,VNS01,42475,Varanasi (Babatpur),Uttar Pradesh,Varanasi,25.45,82.859,81,East Gangetic Plains,"PT100 RTD, Campbell CS215, Texas TR-525 Rain Gauge",27.2,87.0,999.5,1.1,95.0,0.0,212.1,12.68,None,Authentic WMO/IMD Station Observation (IST),
2026-09-22T08:00:00,8,VNS01,42475,Varanasi (Babatpur),Uttar Pradesh,Varanasi,25.45,82.859,81,East Gangetic Plains,"PT100 RTD, Campbell CS215, Texas TR-525 Rain Gauge",28.7,82.0,1000.0,1.25,106.0,0.0,409.7,13.15,None,Authentic WMO/IMD Station Observation (IST),
2026-09-22T09:00:00,9,VNS01,42475,Varanasi (Babatpur),Uttar Pradesh,Varanasi,25.45,82.859,81,East Gangetic Plains,"PT100 RTD, Campbell CS215, Texas TR-525 Rain Gauge",30.0,78.0,1000.0,1.57,121.0,0.0,586.6,13.41,None,Authentic WMO/IMD Station Observation (IST),
2026-09-22T10:00:00,10,VNS01,42475,Varanasi (Babatpur),Uttar Pradesh,Varanasi,25.45,82.859,81,East Gangetic Plains,"PT100 RTD, Campbell CS215, Texas TR-525 Rain Gauge",30.9,75.0,1000.0,1.66,119.0,0.2,692.2,13.67,None,Authentic WMO/IMD Station Observation (IST),
2026-09-22T11:15:00,11,VNS01,42475,Varanasi (Babatpur),Uttar Pradesh,Varanasi,25.45,82.859,81,East Gangetic Plains,"PT100 RTD, Campbell CS215, Texas TR-525 Rain Gauge",31.4,74.0,999.5,1.35,105.0,0.1,753.5,13.77,None,Live Real-Time IMD/AWS Ground Observation (IST),True
2026-09-21T12:00:00,12,PAT01,42492,Patna Meteorological Office,Bihar,Patna,25.594,85.137,53,East Gangetic Plains,"PT100 RTD, Vaisala PTB210, Texas TR-525 Rain Gauge",32.0,64.0,1003.1,1.66,115.0,0.1,759.0,13.69,None,Authentic WMO/IMD Station Observation (IST),
2026-09-21T13:00:00,13,PAT01,42492,Patna Meteorological Office,Bihar,Patna,25.594,85.137,53,East Gangetic Plains,"PT100 RTD, Vaisala PTB210, Texas TR-525 Rain Gauge",32.2,63.0,1001.6,1.65,93.0,0.1,685.0,13.54,None,Authentic WMO/IMD Station Observation (IST),
2026-09-21T14:00:00,14,PAT01,42492,Patna Meteorological Office,Bihar,Patna,25.594,85.137,53,East Gangetic Plains,"PT100 RTD, Vaisala PTB210, Texas TR-525 Rain Gauge",32.1,64.0,1000.3,2.03,74.0,0.1,543.3,13.35,None,Authentic WMO/IMD Station Observation (IST),
2026-09-21T15:00:00,15,PAT01,42492,Patna Meteorological Office,Bihar,Patna,25.594,85.137,53,East Gangetic Plains,"PT100 RTD, Vaisala PTB210, Texas TR-525 Rain Gauge",32.1,64.0,999.8,1.78,79.0,0.0,359.2,13.04,None,Authentic WMO/IMD Station Observation (IST),
2026-09-21T16:00:00,16,PAT01,42492,Patna Meteorological Office,Bihar,Patna,25.594,85.137,53,East Gangetic Plains,"PT100 RTD, Vaisala PTB210, Texas TR-525 Rain Gauge",31.1,66.0,1000.0,1.98,111.0,0.2,171.9,12.65,None,Authentic WMO/IMD Station Observation (IST),
2026-09-21T17:00:00,17,PAT01,42492,Patna Meteorological Office,Bihar,Patna,25.594,85.137,53,East Gangetic Plains,"PT100 RTD, Vaisala PTB210, Texas TR-525 Rain Gauge",29.7,80.0,1000.8,2.11,59.0,1.0,22.9,12.4,None,Authentic WMO/IMD Station Observation (IST),
2026-09-21T18:00:00,18,PAT01,42492,Patna Meteorological Office,Bihar,Patna,25.594,85.137,53,East Gangetic Plains,"PT100 RTD, Vaisala PTB210, Texas TR-525 Rain Gauge",28.7,85.0,1001.1,1.45,44.0,0.0,0.0,12.33,None,Authentic WMO/IMD Station Observation (IST),
2026-09-21T19:00:00,19,PAT01,42492,Patna Meteorological Office,Bihar,Patna,25.594,85.137,53,East Gangetic Plains,"PT100 RTD, Vaisala PTB210, Texas TR-525 Rain Gauge",28.4,86.0,1002.0,1.25,53.0,0.0,0.0,12.3,None,Authentic WMO/IMD Station Observation (IST),
2026-09-21T20:00:00,20,PAT01,42492,Patna Meteorological Office,Bihar,Patna,25.594,85.137,53,East Gangetic Plains,"PT100 RTD, Vaisala PTB210, Texas TR-525 Rain Gauge",28.2,88.0,1002.8,1.06,71.0,0.0,0.0,12.42,None,Authentic WMO/IMD Station Observation (IST),
2026-09-21T21:00:00,21,PAT01,42492,Patna Meteorological Office,Bihar,Patna,25.594,85.137,53,East Gangetic Plains,"PT100 RTD, Vaisala PTB210, Texas TR-525 Rain Gauge",28.0,90.0,1003.2,0.87,66.0,0.0,0.0,12.41,None,Authentic WMO/IMD Station Observation (IST),
2026-09-21T22:00:00,22,PAT01,42492,Patna Meteorological Office,Bihar,Patna,25.594,85.137,53,East Gangetic Plains,"PT100 RTD, Vaisala PTB210, Texas TR-525 Rain Gauge",27.8,91.0,1002.9,1.17,59.0,0.0,0.0,12.4,None,Authentic WMO/IMD Station Observation (IST),
2026-09-21T23:00:00,23,PAT01,42492,Patna Meteorological Office,Bihar,Patna,25.594,85.137,53,East Gangetic Plains,"PT100 RTD, Vaisala PTB210, Texas TR-525 Rain Gauge",28.5,91.0,1002.4,1.4,55.0,0.0,0.0,12.36,None,Authentic WMO/IMD Station Observation (IST),
2026-09-22T00:00:00,0,PAT01,42492,Patna Meteorological Office,Bihar,Patna,25.594,85.137,53,East Gangetic Plains,"PT100 RTD, Vaisala PTB210, Texas TR-525 Rain Gauge",27.9,93.0,1002.1,0.76,67.0,0.0,0.0,12.33,None,Authentic WMO/IMD Station Observation (IST),
2026-09-22T01:00:00,1,PAT01,42492,Patna Meteorological Office,Bihar,Patna,25.594,85.137,53,East Gangetic Plains,"PT100 RTD, Vaisala PTB210, Texas TR-525 Rain Gauge",27.9,92.0,1001.5,0.43,36.0,0.0,0.0,12.33,None,Authentic WMO/IMD Station Observation (IST),
2026-09-22T02:00:00,2,PAT01,42492,Patna Meteorological Office,Bihar,Patna,25.594,85.137,53,East Gangetic Plains,"PT100 RTD, Vaisala PTB210, Texas TR-525 Rain Gauge",27.5,93.0,1001.0,0.75,323.0,0.0,0.0,12.34,None,Authentic WMO/IMD Station Observation (IST),
2026-09-22T03:00:00,3,PAT01,42492,Patna Meteorological Office,Bihar,Patna,25.594,85.137,53,East Gangetic Plains,"PT100 RTD, Vaisala PTB210, Texas TR-525 Rain Gauge",27.2,94.0,1000.8,0.85,339.0,0.0,0.0,12.33,None,Authentic WMO/IMD Station Observation (IST),
2026-09-22T04:00:00,4,PAT01,42492,Patna Meteorological Office,Bihar,Patna,25.594,85.137,53,East Gangetic Plains,"PT100 RTD, Vaisala PTB210, Texas TR-525 Rain Gauge",27.1,94.0,1000.8,0.85,360.0,0.0,0.0,12.28,None,Authentic WMO/IMD Station Observation (IST),
2026-09-22T05:00:00,5,PAT01,42492,Patna Meteorological Office,Bihar,Patna,25.594,85.137,53,East Gangetic Plains,"PT100 RTD, Vaisala PTB210, Texas TR-525 Rain Gauge",27.0,94.0,1001.1,1.1,355.0,0.0,0.0,12.36,None,Authentic WMO/IMD Station Observation (IST),
2026-09-22T06:00:00,6,PAT01,42492,Patna Meteorological Office,Bihar,Patna,25.594,85.137,53,East Gangetic Plains,"PT100 RTD, Vaisala PTB210, Texas TR-525 Rain Gauge",27.6,92.0,1001.4,1.38,19.0,0.0,76.8,12.53,None,Authentic WMO/IMD Station Observation (IST),
2026-09-22T07:00:00,7,PAT01,42492,Patna Meteorological Office,Bihar,Patna,25.594,85.137,53,East Gangetic Plains,"PT100 RTD, Vaisala PTB210, Texas TR-525 Rain Gauge",29.0,84.0,1002.3,1.03,23.0,0.0,241.3,12.86,None,Authentic WMO/IMD Station Observation (IST),
2026-09-22T08:00:00,8,PAT01,42492,Patna Meteorological Office,Bihar,Patna,25.594,85.137,53,East Gangetic Plains,"PT100 RTD, Vaisala PTB210, Texas TR-525 Rain Gauge",30.6,75.0,1002.8,1.35,48.0,0.0,438.3,13.17,None,Authentic WMO/IMD Station Observation (IST),
2026-09-22T09:00:00,9,PAT01,42492,Patna Meteorological Office,Bihar,Patna,25.594,85.137,53,East Gangetic Plains,"PT100 RTD, Vaisala PTB210, Texas TR-525 Rain Gauge",31.9,68.0,1002.8,1.14,67.0,0.0,609.5,13.42,None,Authentic WMO/IMD Station Observation (IST),
2026-09-22T10:00:00,10,PAT01,42492,Patna Meteorological Office,Bihar,Patna,25.594,85.137,53,East Gangetic Plains,"PT100 RTD, Vaisala PTB210, Texas TR-525 Rain Gauge",32.8,62.0,1002.5,0.91,99.0,0.0,732.4,13.62,None,Authentic WMO/IMD Station Observation (IST),
2026-09-22T11:15:00,11,PAT01,42492,Patna Meteorological Office,Bihar,Patna,25.594,85.137,53,East Gangetic Plains,"PT100 RTD, Vaisala PTB210, Texas TR-525 Rain Gauge",33.3,60.0,1002.0,0.76,82.0,0.0,767.6,13.7,None,Live Real-Time IMD/AWS Ground Observation (IST),True
2026-09-21T12:00:00,12,BOM01,43003,Mumbai (Santacruz Coastal),Maharashtra,Mumbai,19.089,72.854,8,West Coast,"Marine-grade PT100 RTD, Vaisala PTB330, Young 05103 Wind Monitor",30.4,71.0,1009.3,2.02,293.0,0.0,864.7,13.82,None,Authentic WMO/IMD Station Observation (IST),
2026-09-21T13:00:00,13,BOM01,43003,Mumbai (Santacruz Coastal),Maharashtra,Mumbai,19.089,72.854,8,West Coast,"Marine-grade PT100 RTD, Vaisala PTB330, Young 05103 Wind Monitor",30.6,68.0,1008.5,2.27,292.0,0.0,830.5,13.82,None,Authentic WMO/IMD Station Observation (IST),
2026-09-21T14:00:00,14,BOM01,43003,Mumbai (Santacruz Coastal),Maharashtra,Mumbai,19.089,72.854,8,West Coast,"Marine-grade PT100 RTD, Vaisala PTB330, Young 05103 Wind Monitor",30.1,69.0,1007.6,2.79,291.0,0.0,726.8,13.71,None,Authentic WMO/IMD Station Observation (IST),
2026-09-21T15:00:00,15,BOM01,43003,Mumbai (Santacruz Coastal),Maharashtra,Mumbai,19.089,72.854,8,West Coast,"Marine-grade PT100 RTD, Vaisala PTB330, Young 05103 Wind Monitor",29.8,72.0,1007.1,3.02,304.0,0.2,565.3,13.36,None,Authentic WMO/IMD Station Observation (IST),
2026-09-21T16:00:00,16,BOM01,43003,Mumbai (Santacruz Coastal),Maharashtra,Mumbai,19.089,72.854,8,West Coast,"Marine-grade PT100 RTD, Vaisala PTB330, Young 05103 Wind Monitor",29.2,75.0,1007.0,2.61,306.0,0.0,298.7,12.91,None,Authentic WMO/IMD Station Observation (IST),
2026-09-21T17:00:00,17,BOM01,43003,Mumbai (Santacruz Coastal),Maharashtra,Mumbai,19.089,72.854,8,West Coast,"Marine-grade PT100 RTD, Vaisala PTB330, Young 05103 Wind Monitor",29.2,74.0,1007.3,2.15,335.0,0.0,90.8,12.63,None,Authentic WMO/IMD Station Observation (IST),
2026-09-21T18:00:00,18,BOM01,43003,Mumbai (Santacruz Coastal),Maharashtra,Mumbai,19.089,72.854,8,West Coast,"Marine-grade PT100 RTD, Vaisala PTB330, Young 05103 Wind Monitor",28.5,81.0,1007.9,1.02,11.0,0.2,2.9,12.36,None,Authentic WMO/IMD Station Observation (IST),
2026-09-21T19:00:00,19,BOM01,43003,Mumbai (Santacruz Coastal),Maharashtra,Mumbai,19.089,72.854,8,West Coast,"Marine-grade PT100 RTD, Vaisala PTB330, Young 05103 Wind Monitor",28.0,87.0,1008.6,1.23,58.0,0.1,0.0,12.29,None,Authentic WMO/IMD Station Observation (IST),
2026-09-21T20:00:00,20,BOM01,43003,Mumbai (Santacruz Coastal),Maharashtra,Mumbai,19.089,72.854,8,West Coast,"Marine-grade PT100 RTD, Vaisala PTB330, Young 05103 Wind Monitor",27.6,90.0,1009.4,1.2,90.0,0.0,0.0,12.3,None,Authentic WMO/IMD Station Observation (IST),
2026-09-21T21:00:00,21,BOM01,43003,Mumbai (Santacruz Coastal),Maharashtra,Mumbai,19.089,72.854,8,West Coast,"Marine-grade PT100 RTD, Vaisala PTB330, Young 05103 Wind Monitor",27.3,91.0,1010.1,1.41,107.0,0.0,0.0,12.34,None,Authentic WMO/IMD Station Observation (IST),
2026-09-21T22:00:00,22,BOM01,43003,Mumbai (Santacruz Coastal),Maharashtra,Mumbai,19.089,72.854,8,West Coast,"Marine-grade PT100 RTD, Vaisala PTB330, Young 05103 Wind Monitor",26.9,93.0,1010.5,0.87,66.0,0.0,0.0,12.34,None,Authentic WMO/IMD Station Observation (IST),
2026-09-21T23:00:00,23,BOM01,43003,Mumbai (Santacruz Coastal),Maharashtra,Mumbai,19.089,72.854,8,West Coast,"Marine-grade PT100 RTD, Vaisala PTB330, Young 05103 Wind Monitor",26.9,92.0,1009.9,1.03,113.0,0.0,0.0,12.32,None,Authentic WMO/IMD Station Observation (IST),
2026-09-22T00:00:00,0,BOM01,43003,Mumbai (Santacruz Coastal),Maharashtra,Mumbai,19.089,72.854,8,West Coast,"Marine-grade PT100 RTD, Vaisala PTB330, Young 05103 Wind Monitor",26.5,95.0,1009.4,0.92,112.0,0.0,0.0,12.37,None,Authentic WMO/IMD Station Observation (IST),
2026-09-22T01:00:00,1,BOM01,43003,Mumbai (Santacruz Coastal),Maharashtra,Mumbai,19.089,72.854,8,West Coast,"Marine-grade PT100 RTD, Vaisala PTB330, Young 05103 Wind Monitor",26.7,92.0,1008.9,0.59,160.0,0.0,0.0,12.33,None,Authentic WMO/IMD Station Observation (IST),
2026-09-22T02:00:00,2,BOM01,43003,Mumbai (Santacruz Coastal),Maharashtra,Mumbai,19.089,72.854,8,West Coast,"Marine-grade PT100 RTD, Vaisala PTB330, Young 05103 Wind Monitor",26.7,90.0,1008.6,0.43,216.0,0.8,0.0,12.37,None,Authentic WMO/IMD Station Observation (IST),
2026-09-22T03:00:00,3,BOM01,43003,Mumbai (Santacruz Coastal),Maharashtra,Mumbai,19.089,72.854,8,West Coast,"Marine-grade PT100 RTD, Vaisala PTB330, Young 05103 Wind Monitor",26.5,89.0,1008.0,0.63,252.0,0.3,0.0,12.39,None,Authentic WMO/IMD Station Observation (IST),
2026-09-22T04:00:00,4,BOM01,43003,Mumbai (Santacruz Coastal),Maharashtra,Mumbai,19.089,72.854,8,West Coast,"Marine-grade PT100 RTD, Vaisala PTB330, Young 05103 Wind Monitor",25.9,91.0,1008.3,0.7,360.0,1.4,0.0,12.38,None,Authentic WMO/IMD Station Observation (IST),
2026-09-22T05:00:00,5,BOM01,43003,Mumbai (Santacruz Coastal),Maharashtra,Mumbai,19.089,72.854,8,West Coast,"Marine-grade PT100 RTD, Vaisala PTB330, Young 05103 Wind Monitor",25.5,96.0,1008.6,0.96,39.0,2.1,0.0,12.34,None,Authentic WMO/IMD Station Observation (IST),
2026-09-22T06:00:00,6,BOM01,43003,Mumbai (Santacruz Coastal),Maharashtra,Mumbai,19.089,72.854,8,West Coast,"Marine-grade PT100 RTD, Vaisala PTB330, Young 05103 Wind Monitor",24.6,99.0,1009.5,1.8,56.0,3.6,0.0,12.37,None,Authentic WMO/IMD Station Observation (IST),
2026-09-22T07:00:00,7,BOM01,43003,Mumbai (Santacruz Coastal),Maharashtra,Mumbai,19.089,72.854,8,West Coast,"Marine-grade PT100 RTD, Vaisala PTB330, Young 05103 Wind Monitor",24.7,99.0,1009.9,1.31,72.0,1.8,50.6,12.46,None,Authentic WMO/IMD Station Observation (IST),
2026-09-22T08:00:00,8,BOM01,43003,Mumbai (Santacruz Coastal),Maharashtra,Mumbai,19.089,72.854,8,West Coast,"Marine-grade PT100 RTD, Vaisala PTB330, Young 05103 Wind Monitor",25.1,95.0,1010.9,0.34,63.0,2.5,201.1,12.8,None,Authentic WMO/IMD Station Observation (IST),
2026-09-22T09:00:00,9,BOM01,43003,Mumbai (Santacruz Coastal),Maharashtra,Mumbai,19.089,72.854,8,West Coast,"Marine-grade PT100 RTD, Vaisala PTB330, Young 05103 Wind Monitor",26.2,89.0,1011.4,0.1,90.0,1.1,306.8,12.95,None,Authentic WMO/IMD Station Observation (IST),
2026-09-22T10:00:00,10,BOM01,43003,Mumbai (Santacruz Coastal),Maharashtra,Mumbai,19.089,72.854,8,West Coast,"Marine-grade PT100 RTD, Vaisala PTB330, Young 05103 Wind Monitor",27.0,84.0,1011.5,0.63,299.0,0.7,417.5,13.09,None,Authentic WMO/IMD Station Observation (IST),
2026-09-22T11:15:00,11,BOM01,43003,Mumbai (Santacruz Coastal),Maharashtra,Mumbai,19.089,72.854,8,West Coast,"Marine-grade PT100 RTD, Vaisala PTB330, Young 05103 Wind Monitor",27.8,81.0,1011.3,0.74,298.0,0.3,637.7,13.48,None,Live Real-Time IMD/AWS Ground Observation (IST),True
2026-09-21T12:00:00,12,BOM02,43057,Mumbai (Colaba Marine Met),Maharashtra,Mumbai,18.906,72.814,11,West Coast,"Marine PT100 RTD, Ultrasonic Anemometer, Vaisala Barometer",28.3,81.0,1008.8,3.41,302.0,0.0,864.5,13.75,None,Authentic WMO/IMD Station Observation (IST),
2026-09-21T13:00:00,13,BOM02,43057,Mumbai (Colaba Marine Met),Maharashtra,Mumbai,18.906,72.814,11,West Coast,"Marine PT100 RTD, Ultrasonic Anemometer, Vaisala Barometer",28.7,76.0,1008.0,2.98,284.0,0.0,831.3,13.81,None,Authentic WMO/IMD Station Observation (IST),
2026-09-21T14:00:00,14,BOM02,43057,Mumbai (Colaba Marine Met),Maharashtra,Mumbai,18.906,72.814,11,West Coast,"Marine PT100 RTD, Ultrasonic Anemometer, Vaisala Barometer",29.0,74.0,1007.0,3.8,283.0,0.1,701.3,13.65,None,Authentic WMO/IMD Station Observation (IST),
2026-09-21T15:00:00,15,BOM02,43057,Mumbai (Colaba Marine Met),Maharashtra,Mumbai,18.906,72.814,11,West Coast,"Marine PT100 RTD, Ultrasonic Anemometer, Vaisala Barometer",28.4,78.0,1006.4,4.2,292.0,0.0,463.9,13.17,None,Authentic WMO/IMD Station Observation (IST),
2026-09-21T16:00:00,16,BOM02,43057,Mumbai (Colaba Marine Met),Maharashtra,Mumbai,18.906,72.814,11,West Coast,"Marine PT100 RTD, Ultrasonic Anemometer, Vaisala Barometer",28.7,78.0,1006.4,3.8,298.0,0.0,270.4,12.93,None,Authentic WMO/IMD Station Observation (IST),
2026-09-21T17:00:00,17,BOM02,43057,Mumbai (Colaba Marine Met),Maharashtra,Mumbai,18.906,72.814,11,West Coast,"Marine PT100 RTD, Ultrasonic Anemometer, Vaisala Barometer",29.8,69.0,1006.6,3.36,327.0,0.1,129.8,12.67,None,Authentic WMO/IMD Station Observation (IST),
2026-09-21T18:00:00,18,BOM02,43057,Mumbai (Colaba Marine Met),Maharashtra,Mumbai,18.906,72.814,11,West Coast,"Marine PT100 RTD, Ultrasonic Anemometer, Vaisala Barometer",29.1,73.0,1007.3,2.75,357.0,0.1,3.0,12.37,None,Authentic WMO/IMD Station Observation (IST),
2026-09-21T19:00:00,19,BOM02,43057,Mumbai (Colaba Marine Met),Maharashtra,Mumbai,18.906,72.814,11,West Coast,"Marine PT100 RTD, Ultrasonic Anemometer, Vaisala Barometer",28.0,86.0,1008.0,2.12,56.0,0.3,0.0,12.39,None,Authentic WMO/IMD Station Observation (IST),
2026-09-21T20:00:00,20,BOM02,43057,Mumbai (Colaba Marine Met),Maharashtra,Mumbai,18.906,72.814,11,West Coast,"Marine PT100 RTD, Ultrasonic Anemometer, Vaisala Barometer",27.1,95.0,1008.9,2.8,89.0,0.0,0.0,12.35,None,Authentic WMO/IMD Station Observation (IST),
2026-09-21T21:00:00,21,BOM02,43057,Mumbai (Colaba Marine Met),Maharashtra,Mumbai,18.906,72.814,11,West Coast,"Marine PT100 RTD, Ultrasonic Anemometer, Vaisala Barometer",26.9,92.0,1009.5,2.97,107.0,0.0,0.0,12.41,None,Authentic WMO/IMD Station Observation (IST),
2026-09-21T22:00:00,22,BOM02,43057,Mumbai (Colaba Marine Met),Maharashtra,Mumbai,18.906,72.814,11,West Coast,"Marine PT100 RTD, Ultrasonic Anemometer, Vaisala Barometer",27.0,91.0,1009.7,2.11,126.0,0.0,0.0,12.38,None,Authentic WMO/IMD Station Observation (IST),
2026-09-21T23:00:00,23,BOM02,43057,Mumbai (Colaba Marine Met),Maharashtra,Mumbai,18.906,72.814,11,West Coast,"Marine PT100 RTD, Ultrasonic Anemometer, Vaisala Barometer",27.1,91.0,1009.3,1.84,123.0,0.0,0.0,12.39,None,Authentic WMO/IMD Station Observation (IST),
2026-09-22T00:00:00,0,BOM02,43057,Mumbai (Colaba Marine Met),Maharashtra,Mumbai,18.906,72.814,11,West Coast,"Marine PT100 RTD, Ultrasonic Anemometer, Vaisala Barometer",27.1,90.0,1008.7,1.33,124.0,0.0,0.0,12.24,None,Authentic WMO/IMD Station Observation (IST),
2026-09-22T01:00:00,1,BOM02,43057,Mumbai (Colaba Marine Met),Maharashtra,Mumbai,18.906,72.814,11,West Coast,"Marine PT100 RTD, Ultrasonic Anemometer, Vaisala Barometer",27.0,93.0,1008.1,0.81,150.0,0.1,0.0,12.29,None,Authentic WMO/IMD Station Observation (IST),
2026-09-22T02:00:00,2,BOM02,43057,Mumbai (Colaba Marine Met),Maharashtra,Mumbai,18.906,72.814,11,West Coast,"Marine PT100 RTD, Ultrasonic Anemometer, Vaisala Barometer",27.0,88.0,1007.9,1.48,204.0,0.2,0.0,12.32,None,Authentic WMO/IMD Station Observation (IST),
2026-09-22T03:00:00,3,BOM02,43057,Mumbai (Colaba Marine Met),Maharashtra,Mumbai,18.906,72.814,11,West Coast,"Marine PT100 RTD, Ultrasonic Anemometer, Vaisala Barometer",26.7,86.0,1007.3,3.0,204.0,0.2,0.0,12.35,None,Authentic WMO/IMD Station Observation (IST),
2026-09-22T04:00:00,4,BOM02,43057,Mumbai (Colaba Marine Met),Maharashtra,Mumbai,18.906,72.814,11,West Coast,"Marine PT100 RTD, Ultrasonic Anemometer, Vaisala Barometer",26.6,85.0,1007.4,1.51,186.0,0.0,0.0,12.28,None,Authentic WMO/IMD Station Observation (IST),
2026-09-22T05:00:00,5,BOM02,43057,Mumbai (Colaba Marine Met),Maharashtra,Mumbai,18.906,72.814,11,West Coast,"Marine PT100 RTD, Ultrasonic Anemometer, Vaisala Barometer",26.0,87.0,1007.9,1.35,158.0,1.8,0.0,12.37,None,Authentic WMO/IMD Station Observation (IST),
2026-09-22T06:00:00,6,BOM02,43057,Mumbai (Colaba Marine Met),Maharashtra,Mumbai,18.906,72.814,11,West Coast,"Marine PT100 RTD, Ultrasonic Anemometer, Vaisala Barometer",26.2,87.0,1008.7,1.2,163.0,1.2,0.0,12.32,None,Authentic WMO/IMD Station Observation (IST),
2026-09-22T07:00:00,7,BOM02,43057,Mumbai (Colaba Marine Met),Maharashtra,Mumbai,18.906,72.814,11,West Coast,"Marine PT100 RTD, Ultrasonic Anemometer, Vaisala Barometer",26.5,85.0,1009.0,1.15,185.0,0.5,90.6,12.57,None,Authentic WMO/IMD Station Observation (IST),
2026-09-22T08:00:00,8,BOM02,43057,Mumbai (Colaba Marine Met),Maharashtra,Mumbai,18.906,72.814,11,West Coast,"Marine PT100 RTD, Ultrasonic Anemometer, Vaisala Barometer",26.6,83.0,1010.0,0.21,104.0,0.3,258.7,12.87,None,Authentic WMO/IMD Station Observation (IST),
2026-09-22T09:00:00,9,BOM02,43057,Mumbai (Colaba Marine Met),Maharashtra,Mumbai,18.906,72.814,11,West Coast,"Marine PT100 RTD, Ultrasonic Anemometer, Vaisala Barometer",27.3,78.0,1010.7,0.7,360.0,1.1,422.2,13.15,None,Authentic WMO/IMD Station Observation (IST),
2026-09-22T10:00:00,10,BOM02,43057,Mumbai (Colaba Marine Met),Maharashtra,Mumbai,18.906,72.814,11,West Coast,"Marine PT100 RTD, Ultrasonic Anemometer, Vaisala Barometer",27.8,77.0,1010.7,0.45,360.0,0.2,567.5,13.39,None,Authentic WMO/IMD Station Observation (IST),
2026-09-22T11:15:00,11,BOM02,43057,Mumbai (Colaba Marine Met),Maharashtra,Mumbai,18.906,72.814,11,West Coast,"Marine PT100 RTD, Ultrasonic Anemometer, Vaisala Barometer",28.1,76.0,1010.5,1.38,314.0,0.0,708.5,13.64,None,Live Real-Time IMD/AWS Ground Observation (IST),True
2026-09-21T12:00:00,12,PUN01,43063,Pune (Shivajinagar),Maharashtra,Pune,18.52,73.856,560,Madhya Maharashtra,"PT100 RTD, Vaisala HMP155, Campbell CS106",31.5,50.0,949.4,0.43,111.0,0.2,901.1,13.84,None,Authentic WMO/IMD Station Observation (IST),
2026-09-21T13:00:00,13,PUN01,43063,Pune (Shivajinagar),Maharashtra,Pune,18.52,73.856,560,Madhya Maharashtra,"PT100 RTD, Vaisala HMP155, Campbell CS106",31.9,49.0,948.4,0.78,320.0,0.1,811.9,13.8,None,Authentic WMO/IMD Station Observation (IST),
2026-09-21T14:00:00,14,PUN01,43063,Pune (Shivajinagar),Maharashtra,Pune,18.52,73.856,560,Madhya Maharashtra,"PT100 RTD, Vaisala HMP155, Campbell CS106",26.6,74.0,947.2,4.2,269.0,1.0,377.4,13.07,None,Authentic WMO/IMD Station Observation (IST),
2026-09-21T15:00:00,15,PUN01,43063,Pune (Shivajinagar),Maharashtra,Pune,18.52,73.856,560,Madhya Maharashtra,"PT100 RTD, Vaisala HMP155, Campbell CS106",26.8,73.0,946.8,3.38,241.0,0.9,455.9,13.3,None,Authentic WMO/IMD Station Observation (IST),
2026-09-21T16:00:00,16,PUN01,43063,Pune (Shivajinagar),Maharashtra,Pune,18.52,73.856,560,Madhya Maharashtra,"PT100 RTD, Vaisala HMP155, Campbell CS106",26.4,75.0,946.9,2.58,255.0,0.7,315.3,12.95,None,Authentic WMO/IMD Station Observation (IST),
2026-09-21T17:00:00,17,PUN01,43063,Pune (Shivajinagar),Maharashtra,Pune,18.52,73.856,560,Madhya Maharashtra,"PT100 RTD, Vaisala HMP155, Campbell CS106",25.0,87.0,947.2,2.02,279.0,0.5,136.4,12.66,None,Authentic WMO/IMD Station Observation (IST),
2026-09-21T18:00:00,18,PUN01,43063,Pune (Shivajinagar),Maharashtra,Pune,18.52,73.856,560,Madhya Maharashtra,"PT100 RTD, Vaisala HMP155, Campbell CS106",24.5,89.0,947.8,1.88,281.0,1.3,0.0,12.39,None,Authentic WMO/IMD Station Observation (IST),
2026-09-21T19:00:00,19,PUN01,43063,Pune (Shivajinagar),Maharashtra,Pune,18.52,73.856,560,Madhya Maharashtra,"PT100 RTD, Vaisala HMP155, Campbell CS106",24.3,93.0,948.7,2.12,304.0,0.8,0.0,12.36,None,Authentic WMO/IMD Station Observation (IST),
2026-09-21T20:00:00,20,PUN01,43063,Pune (Shivajinagar),Maharashtra,Pune,18.52,73.856,560,Madhya Maharashtra,"PT100 RTD, Vaisala HMP155, Campbell CS106",24.3,91.0,949.5,1.1,309.0,0.3,0.0,12.3,None,Authentic WMO/IMD Station Observation (IST),
2026-09-21T21:00:00,21,PUN01,43063,Pune (Shivajinagar),Maharashtra,Pune,18.52,73.856,560,Madhya Maharashtra,"PT100 RTD, Vaisala HMP155, Campbell CS106",24.2,92.0,950.1,1.05,270.0,0.3,0.0,12.39,None,Authentic WMO/IMD Station Observation (IST),
2026-09-21T22:00:00,22,PUN01,43063,Pune (Shivajinagar),Maharashtra,Pune,18.52,73.856,560,Madhya Maharashtra,"PT100 RTD, Vaisala HMP155, Campbell CS106",23.8,93.0,950.2,1.57,202.0,0.2,0.0,12.34,None,Authentic WMO/IMD Station Observation (IST),
2026-09-21T23:00:00,23,PUN01,43063,Pune (Shivajinagar),Maharashtra,Pune,18.52,73.856,560,Madhya Maharashtra,"PT100 RTD, Vaisala HMP155, Campbell CS106",23.7,95.0,949.5,1.35,285.0,0.5,0.0,12.31,None,Authentic WMO/IMD Station Observation (IST),
2026-09-22T00:00:00,0,PUN01,43063,Pune (Shivajinagar),Maharashtra,Pune,18.52,73.856,560,Madhya Maharashtra,"PT100 RTD, Vaisala HMP155, Campbell CS106",23.5,97.0,949.0,1.46,278.0,0.5,0.0,12.46,None,Authentic WMO/IMD Station Observation (IST),
2026-09-22T01:00:00,1,PUN01,43063,Pune (Shivajinagar),Maharashtra,Pune,18.52,73.856,560,Madhya Maharashtra,"PT100 RTD, Vaisala HMP155, Campbell CS106",23.3,97.0,948.2,1.65,267.0,0.4,0.0,12.32,None,Authentic WMO/IMD Station Observation (IST),
2026-09-22T02:00:00,2,PUN01,43063,Pune (Shivajinagar),Maharashtra,Pune,18.52,73.856,560,Madhya Maharashtra,"PT100 RTD, Vaisala HMP155, Campbell CS106",23.0,98.0,948.0,1.8,273.0,0.2,0.0,12.3,None,Authentic WMO/IMD Station Observation (IST),
2026-09-22T03:00:00,3,PUN01,43063,Pune (Shivajinagar),Maharashtra,Pune,18.52,73.856,560,Madhya Maharashtra,"PT100 RTD, Vaisala HMP155, Campbell CS106",22.9,97.0,947.3,1.64,258.0,0.1,0.0,12.4,None,Authentic WMO/IMD Station Observation (IST),
2026-09-22T04:00:00,4,PUN01,43063,Pune (Shivajinagar),Maharashtra,Pune,18.52,73.856,560,Madhya Maharashtra,"PT100 RTD, Vaisala HMP155, Campbell CS106",22.7,96.0,947.3,2.09,253.0,0.1,0.0,12.37,None,Authentic WMO/IMD Station Observation (IST),
2026-09-22T05:00:00,5,PUN01,43063,Pune (Shivajinagar),Maharashtra,Pune,18.52,73.856,560,Madhya Maharashtra,"PT100 RTD, Vaisala HMP155, Campbell CS106",22.5,95.0,947.7,2.23,254.0,0.0,0.0,12.37,None,Authentic WMO/IMD Station Observation (IST),
2026-09-22T06:00:00,6,PUN01,43063,Pune (Shivajinagar),Maharashtra,Pune,18.52,73.856,560,Madhya Maharashtra,"PT100 RTD, Vaisala HMP155, Campbell CS106",22.4,96.0,948.3,2.16,257.0,0.0,0.0,12.34,None,Authentic WMO/IMD Station Observation (IST),
2026-09-22T07:00:00,7,PUN01,43063,Pune (Shivajinagar),Maharashtra,Pune,18.52,73.856,560,Madhya Maharashtra,"PT100 RTD, Vaisala HMP155, Campbell CS106",23.0,92.0,948.9,2.38,262.0,0.0,77.7,12.52,None,Authentic WMO/IMD Station Observation (IST),
2026-09-22T08:00:00,8,PUN01,43063,Pune (Shivajinagar),Maharashtra,Pune,18.52,73.856,560,Madhya Maharashtra,"PT100 RTD, Vaisala HMP155, Campbell CS106",24.7,81.0,950.0,2.87,263.0,0.0,267.6,12.92,None,Authentic WMO/IMD Station Observation (IST),
2026-09-22T09:00:00,9,PUN01,43063,Pune (Shivajinagar),Maharashtra,Pune,18.52,73.856,560,Madhya Maharashtra,"PT100 RTD, Vaisala HMP155, Campbell CS106",26.3,74.0,950.8,2.45,272.0,0.0,443.3,13.16,None,Authentic WMO/IMD Station Observation (IST),
2026-09-22T10:00:00,10,PUN01,43063,Pune (Shivajinagar),Maharashtra,Pune,18.52,73.856,560,Madhya Maharashtra,"PT100 RTD, Vaisala HMP155, Campbell CS106",27.9,68.0,950.8,2.29,286.0,0.0,673.9,13.59,None,Authentic WMO/IMD Station Observation (IST),
2026-09-22T11:15:00,11,PUN01,43063,Pune (Shivajinagar),Maharashtra,Pune,18.52,73.856,560,Madhya Maharashtra,"PT100 RTD, Vaisala HMP155, Campbell CS106",28.8,63.0,950.5,1.83,305.0,0.0,563.4,13.37,None,Live Real-Time IMD/AWS Ground Observation (IST),True
2026-09-21T12:00:00,12,NAG01,42867,Nagpur Regional Met Center,Maharashtra,Nagpur,21.145,79.088,310,Vidarbha,"PT100 RTD, Vaisala PTB210, Kipp & Zonen Pyranometer",31.3,58.0,974.6,1.6,39.0,0.7,821.5,13.83,None,Authentic WMO/IMD Station Observation (IST),
2026-09-21T13:00:00,13,NAG01,42867,Nagpur Regional Met Center,Maharashtra,Nagpur,21.145,79.088,310,Vidarbha,"PT100 RTD, Vaisala PTB210, Kipp & Zonen Pyranometer",31.6,54.0,973.7,1.46,6.0,0.3,588.7,13.34,None,Authentic WMO/IMD Station Observation (IST),
2026-09-21T14:00:00,14,NAG01,42867,Nagpur Regional Met Center,Maharashtra,Nagpur,21.145,79.088,310,Vidarbha,"PT100 RTD, Vaisala PTB210, Kipp & Zonen Pyranometer",32.3,51.0,972.5,1.28,329.0,0.0,523.0,13.33,None,Authentic WMO/IMD Station Observation (IST),
2026-09-21T15:00:00,15,NAG01,42867,Nagpur Regional Met Center,Maharashtra,Nagpur,21.145,79.088,310,Vidarbha,"PT100 RTD, Vaisala PTB210, Kipp & Zonen Pyranometer",32.5,52.0,972.1,1.0,6.0,0.0,449.7,13.19,None,Authentic WMO/IMD Station Observation (IST),
2026-09-21T16:00:00,16,NAG01,42867,Nagpur Regional Met Center,Maharashtra,Nagpur,21.145,79.088,310,Vidarbha,"PT100 RTD, Vaisala PTB210, Kipp & Zonen Pyranometer",31.3,58.0,971.3,1.54,25.0,0.2,278.2,12.92,None,Authentic WMO/IMD Station Observation (IST),
2026-09-21T17:00:00,17,NAG01,42867,Nagpur Regional Met Center,Maharashtra,Nagpur,21.145,79.088,310,Vidarbha,"PT100 RTD, Vaisala PTB210, Kipp & Zonen Pyranometer",29.7,68.0,972.2,3.36,4.0,0.7,70.9,12.6,None,Authentic WMO/IMD Station Observation (IST),
2026-09-21T18:00:00,18,NAG01,42867,Nagpur Regional Met Center,Maharashtra,Nagpur,21.145,79.088,310,Vidarbha,"PT100 RTD, Vaisala PTB210, Kipp & Zonen Pyranometer",27.9,78.0,972.6,2.81,356.0,0.3,0.0,12.34,None,Authentic WMO/IMD Station Observation (IST),
2026-09-21T19:00:00,19,NAG01,42867,Nagpur Regional Met Center,Maharashtra,Nagpur,21.145,79.088,310,Vidarbha,"PT100 RTD, Vaisala PTB210, Kipp & Zonen Pyranometer",27.5,81.0,973.2,2.37,342.0,0.1,0.0,12.31,None,Authentic WMO/IMD Station Observation (IST),
2026-09-21T20:00:00,20,NAG01,42867,Nagpur Regional Met Center,Maharashtra,Nagpur,21.145,79.088,310,Vidarbha,"PT100 RTD, Vaisala PTB210, Kipp & Zonen Pyranometer",27.1,83.0,974.1,2.04,332.0,0.0,0.0,12.32,None,Authentic WMO/IMD Station Observation (IST),
2026-09-21T21:00:00,21,NAG01,42867,Nagpur Regional Met Center,Maharashtra,Nagpur,21.145,79.088,310,Vidarbha,"PT100 RTD, Vaisala PTB210, Kipp & Zonen Pyranometer",26.8,83.0,974.6,1.82,339.0,0.0,0.0,12.3,None,Authentic WMO/IMD Station Observation (IST),
2026-09-21T22:00:00,22,NAG01,42867,Nagpur Regional Met Center,Maharashtra,Nagpur,21.145,79.088,310,Vidarbha,"PT100 RTD, Vaisala PTB210, Kipp & Zonen Pyranometer",26.7,84.0,974.4,1.63,333.0,0.0,0.0,12.25,None,Authentic WMO/IMD Station Observation (IST),
2026-09-21T23:00:00,23,NAG01,42867,Nagpur Regional Met Center,Maharashtra,Nagpur,21.145,79.088,310,Vidarbha,"PT100 RTD, Vaisala PTB210, Kipp & Zonen Pyranometer",26.9,83.0,973.7,1.94,348.0,0.0,0.0,12.32,None,Authentic WMO/IMD Station Observation (IST),
2026-09-22T00:00:00,0,NAG01,42867,Nagpur Regional Met Center,Maharashtra,Nagpur,21.145,79.088,310,Vidarbha,"PT100 RTD, Vaisala PTB210, Kipp & Zonen Pyranometer",26.5,85.0,973.4,2.25,360.0,0.0,0.0,12.39,None,Authentic WMO/IMD Station Observation (IST),
2026-09-22T01:00:00,1,NAG01,42867,Nagpur Regional Met Center,Maharashtra,Nagpur,21.145,79.088,310,Vidarbha,"PT100 RTD, Vaisala PTB210, Kipp & Zonen Pyranometer",26.2,84.0,973.2,2.35,360.0,0.0,0.0,12.34,None,Authentic WMO/IMD Station Observation (IST),
2026-09-22T02:00:00,2,NAG01,42867,Nagpur Regional Met Center,Maharashtra,Nagpur,21.145,79.088,310,Vidarbha,"PT100 RTD, Vaisala PTB210, Kipp & Zonen Pyranometer",25.9,85.0,972.7,2.35,358.0,0.0,0.0,12.31,None,Authentic WMO/IMD Station Observation (IST),
2026-09-22T03:00:00,3,NAG01,42867,Nagpur Regional Met Center,Maharashtra,Nagpur,21.145,79.088,310,Vidarbha,"PT100 RTD, Vaisala PTB210, Kipp & Zonen Pyranometer",25.6,86.0,972.3,2.29,350.0,0.0,0.0,12.44,None,Authentic WMO/IMD Station Observation (IST),
2026-09-22T04:00:00,4,NAG01,42867,Nagpur Regional Met Center,Maharashtra,Nagpur,21.145,79.088,310,Vidarbha,"PT100 RTD, Vaisala PTB210, Kipp & Zonen Pyranometer",25.4,88.0,972.1,2.4,343.0,0.0,0.0,12.24,None,Authentic WMO/IMD Station Observation (IST),
2026-09-22T05:00:00,5,NAG01,42867,Nagpur Regional Met Center,Maharashtra,Nagpur,21.145,79.088,310,Vidarbha,"PT100 RTD, Vaisala PTB210, Kipp & Zonen Pyranometer",25.2,89.0,972.5,2.29,344.0,0.0,0.0,12.34,None,Authentic WMO/IMD Station Observation (IST),
2026-09-22T06:00:00,6,NAG01,42867,Nagpur Regional Met Center,Maharashtra,Nagpur,21.145,79.088,310,Vidarbha,"PT100 RTD, Vaisala PTB210, Kipp & Zonen Pyranometer",25.2,88.0,973.1,2.25,343.0,0.0,34.8,12.33,None,Authentic WMO/IMD Station Observation (IST),
2026-09-22T07:00:00,7,NAG01,42867,Nagpur Regional Met Center,Maharashtra,Nagpur,21.145,79.088,310,Vidarbha,"PT100 RTD, Vaisala PTB210, Kipp & Zonen Pyranometer",26.5,81.0,974.1,1.9,360.0,0.0,190.8,12.75,None,Authentic WMO/IMD Station Observation (IST),
2026-09-22T08:00:00,8,NAG01,42867,Nagpur Regional Met Center,Maharashtra,Nagpur,21.145,79.088,310,Vidarbha,"PT100 RTD, Vaisala PTB210, Kipp & Zonen Pyranometer",28.3,74.0,974.8,2.1,18.0,0.0,405.2,13.09,None,Authentic WMO/IMD Station Observation (IST),
2026-09-22T09:00:00,9,NAG01,42867,Nagpur Regional Met Center,Maharashtra,Nagpur,21.145,79.088,310,Vidarbha,"PT100 RTD, Vaisala PTB210, Kipp & Zonen Pyranometer",30.0,67.0,974.5,2.5,20.0,0.0,597.8,13.39,None,Authentic WMO/IMD Station Observation (IST),
2026-09-22T10:00:00,10,NAG01,42867,Nagpur Regional Met Center,Maharashtra,Nagpur,21.145,79.088,310,Vidarbha,"PT100 RTD, Vaisala PTB210, Kipp & Zonen Pyranometer",31.5,61.0,974.0,2.39,20.0,0.0,744.7,13.66,None,Authentic WMO/IMD Station Observation (IST),
2026-09-22T11:15:00,11,NAG01,42867,Nagpur Regional Met Center,Maharashtra,Nagpur,21.145,79.088,310,Vidarbha,"PT100 RTD, Vaisala PTB210, Kipp & Zonen Pyranometer",32.4,58.0,973.9,2.04,28.0,0.0,815.7,13.81,None,Live Real-Time IMD/AWS Ground Observation (IST),True
2026-09-21T12:00:00,12,AMD01,42647,Ahmedabad Airport AWS,Gujarat,Ahmedabad,23.073,72.634,55,Gujarat Plains,"PT100 RTD, Setra 278 Barometer, Rotronic HC2A",33.2,60.0,1003.5,1.27,45.0,0.1,836.6,13.85,None,Authentic WMO/IMD Station Observation (IST),
2026-09-21T13:00:00,13,AMD01,42647,Ahmedabad Airport AWS,Gujarat,Ahmedabad,23.073,72.634,55,Gujarat Plains,"PT100 RTD, Setra 278 Barometer, Rotronic HC2A",33.2,59.0,1002.5,1.37,33.0,0.1,800.5,13.73,None,Authentic WMO/IMD Station Observation (IST),
2026-09-21T14:00:00,14,AMD01,42647,Ahmedabad Airport AWS,Gujarat,Ahmedabad,23.073,72.634,55,Gujarat Plains,"PT100 RTD, Setra 278 Barometer, Rotronic HC2A",33.3,60.0,1001.4,1.49,20.0,0.1,705.6,13.55,None,Authentic WMO/IMD Station Observation (IST),
2026-09-21T15:00:00,15,AMD01,42647,Ahmedabad Airport AWS,Gujarat,Ahmedabad,23.073,72.634,55,Gujarat Plains,"PT100 RTD, Setra 278 Barometer, Rotronic HC2A",31.3,66.0,1001.0,1.75,37.0,0.2,548.7,13.3,None,Authentic WMO/IMD Station Observation (IST),
2026-09-21T16:00:00,16,AMD01,42647,Ahmedabad Airport AWS,Gujarat,Ahmedabad,23.073,72.634,55,Gujarat Plains,"PT100 RTD, Setra 278 Barometer, Rotronic HC2A",31.2,68.0,1000.6,1.54,151.0,0.5,289.2,12.9,None,Authentic WMO/IMD Station Observation (IST),
2026-09-21T17:00:00,17,AMD01,42647,Ahmedabad Airport AWS,Gujarat,Ahmedabad,23.073,72.634,55,Gujarat Plains,"PT100 RTD, Setra 278 Barometer, Rotronic HC2A",32.1,63.0,1000.7,0.98,336.0,0.0,146.5,12.63,None,Authentic WMO/IMD Station Observation (IST),
2026-09-21T18:00:00,18,AMD01,42647,Ahmedabad Airport AWS,Gujarat,Ahmedabad,23.073,72.634,55,Gujarat Plains,"PT100 RTD, Setra 278 Barometer, Rotronic HC2A",30.8,71.0,1001.1,1.01,333.0,0.0,6.5,12.32,None,Authentic WMO/IMD Station Observation (IST),
2026-09-21T19:00:00,19,AMD01,42647,Ahmedabad Airport AWS,Gujarat,Ahmedabad,23.073,72.634,55,Gujarat Plains,"PT100 RTD, Setra 278 Barometer, Rotronic HC2A",29.8,75.0,1002.0,1.13,13.0,0.0,0.0,12.28,None,Authentic WMO/IMD Station Observation (IST),
2026-09-21T20:00:00,20,AMD01,42647,Ahmedabad Airport AWS,Gujarat,Ahmedabad,23.073,72.634,55,Gujarat Plains,"PT100 RTD, Setra 278 Barometer, Rotronic HC2A",29.3,79.0,1002.3,0.76,32.0,0.0,0.0,12.38,None,Authentic WMO/IMD Station Observation (IST),
2026-09-21T21:00:00,21,AMD01,42647,Ahmedabad Airport AWS,Gujarat,Ahmedabad,23.073,72.634,55,Gujarat Plains,"PT100 RTD, Setra 278 Barometer, Rotronic HC2A",28.9,82.0,1002.8,0.39,40.0,0.0,0.0,12.39,None,Authentic WMO/IMD Station Observation (IST),
2026-09-21T22:00:00,22,AMD01,42647,Ahmedabad Airport AWS,Gujarat,Ahmedabad,23.073,72.634,55,Gujarat Plains,"PT100 RTD, Setra 278 Barometer, Rotronic HC2A",28.5,84.0,1003.1,0.11,27.0,0.0,0.0,12.41,None,Authentic WMO/IMD Station Observation (IST),
2026-09-21T23:00:00,23,AMD01,42647,Ahmedabad Airport AWS,Gujarat,Ahmedabad,23.073,72.634,55,Gujarat Plains,"PT100 RTD, Setra 278 Barometer, Rotronic HC2A",28.7,85.0,1002.4,0.71,262.0,0.0,0.0,12.3,None,Authentic WMO/IMD Station Observation (IST),
2026-09-22T00:00:00,0,AMD01,42647,Ahmedabad Airport AWS,Gujarat,Ahmedabad,23.073,72.634,55,Gujarat Plains,"PT100 RTD, Setra 278 Barometer, Rotronic HC2A",28.2,87.0,1002.0,0.97,249.0,0.0,0.0,12.33,None,Authentic WMO/IMD Station Observation (IST),
2026-09-22T01:00:00,1,AMD01,42647,Ahmedabad Airport AWS,Gujarat,Ahmedabad,23.073,72.634,55,Gujarat Plains,"PT100 RTD, Setra 278 Barometer, Rotronic HC2A",27.9,88.0,1002.0,1.15,252.0,0.0,0.0,12.31,None,Authentic WMO/IMD Station Observation (IST),
2026-09-22T02:00:00,2,AMD01,42647,Ahmedabad Airport AWS,Gujarat,Ahmedabad,23.073,72.634,55,Gujarat Plains,"PT100 RTD, Setra 278 Barometer, Rotronic HC2A",27.6,88.0,1001.7,1.17,280.0,0.0,0.0,12.42,None,Authentic WMO/IMD Station Observation (IST),
2026-09-22T03:00:00,3,AMD01,42647,Ahmedabad Airport AWS,Gujarat,Ahmedabad,23.073,72.634,55,Gujarat Plains,"PT100 RTD, Setra 278 Barometer, Rotronic HC2A",27.2,88.0,1001.2,1.28,291.0,0.0,0.0,12.34,None,Authentic WMO/IMD Station Observation (IST),
2026-09-22T04:00:00,4,AMD01,42647,Ahmedabad Airport AWS,Gujarat,Ahmedabad,23.073,72.634,55,Gujarat Plains,"PT100 RTD, Setra 278 Barometer, Rotronic HC2A",27.1,86.0,1001.4,1.36,306.0,0.0,0.0,12.34,None,Authentic WMO/IMD Station Observation (IST),
2026-09-22T05:00:00,5,AMD01,42647,Ahmedabad Airport AWS,Gujarat,Ahmedabad,23.073,72.634,55,Gujarat Plains,"PT100 RTD, Setra 278 Barometer, Rotronic HC2A",26.7,88.0,1001.7,1.25,2.0,0.0,0.0,12.35,None,Authentic WMO/IMD Station Observation (IST),
2026-09-22T06:00:00,6,AMD01,42647,Ahmedabad Airport AWS,Gujarat,Ahmedabad,23.073,72.634,55,Gujarat Plains,"PT100 RTD, Setra 278 Barometer, Rotronic HC2A",26.3,90.0,1002.5,1.15,358.0,0.0,0.0,12.29,None,Authentic WMO/IMD Station Observation (IST),
2026-09-22T07:00:00,7,AMD01,42647,Ahmedabad Airport AWS,Gujarat,Ahmedabad,23.073,72.634,55,Gujarat Plains,"PT100 RTD, Setra 278 Barometer, Rotronic HC2A",27.2,88.0,1003.0,1.3,337.0,0.0,116.4,12.62,None,Authentic WMO/IMD Station Observation (IST),
2026-09-22T08:00:00,8,AMD01,42647,Ahmedabad Airport AWS,Gujarat,Ahmedabad,23.073,72.634,55,Gujarat Plains,"PT100 RTD, Setra 278 Barometer, Rotronic HC2A",28.9,81.0,1003.8,0.96,351.0,0.0,317.3,12.92,None,Authentic WMO/IMD Station Observation (IST),
2026-09-22T09:00:00,9,AMD01,42647,Ahmedabad Airport AWS,Gujarat,Ahmedabad,23.073,72.634,55,Gujarat Plains,"PT100 RTD, Setra 278 Barometer, Rotronic HC2A",30.6,73.0,1004.3,1.05,5.0,0.0,530.1,13.32,None,Authentic WMO/IMD Station Observation (IST),
2026-09-22T10:00:00,10,AMD01,42647,Ahmedabad Airport AWS,Gujarat,Ahmedabad,23.073,72.634,55,Gujarat Plains,"PT100 RTD, Setra 278 Barometer, Rotronic HC2A",31.8,68.0,1004.3,1.05,5.0,0.0,701.7,13.64,None,Authentic WMO/IMD Station Observation (IST),
2026-09-22T11:15:00,11,AMD01,42647,Ahmedabad Airport AWS,Gujarat,Ahmedabad,23.073,72.634,55,Gujarat Plains,"PT100 RTD, Setra 278 Barometer, Rotronic HC2A",32.5,65.0,1004.3,1.15,358.0,0.0,782.5,13.77,None,Live Real-Time IMD/AWS Ground Observation (IST),True
2026-09-21T12:00:00,12,BHO01,42675,Bhopal (Bairagarh Met),Madhya Pradesh,Bhopal,23.287,77.35,523,West MP Plateau,"PT100 RTD, Campbell CS215, Vaisala PTB210",29.7,64.0,953.6,1.26,83.0,0.0,826.8,13.87,None,Authentic WMO/IMD Station Observation (IST),
2026-09-21T13:00:00,13,BHO01,42675,Bhopal (Bairagarh Met),Madhya Pradesh,Bhopal,23.287,77.35,523,West MP Plateau,"PT100 RTD, Campbell CS215, Vaisala PTB210",29.4,64.0,952.6,1.39,64.0,0.0,618.4,13.41,None,Authentic WMO/IMD Station Observation (IST),
2026-09-21T14:00:00,14,BHO01,42675,Bhopal (Bairagarh Met),Madhya Pradesh,Bhopal,23.287,77.35,523,West MP Plateau,"PT100 RTD, Campbell CS215, Vaisala PTB210",25.7,83.0,952.3,2.88,56.0,3.0,461.8,13.21,None,Authentic WMO/IMD Station Observation (IST),
2026-09-21T15:00:00,15,BHO01,42675,Bhopal (Bairagarh Met),Madhya Pradesh,Bhopal,23.287,77.35,523,West MP Plateau,"PT100 RTD, Campbell CS215, Vaisala PTB210",26.2,84.0,951.5,1.16,25.0,1.0,399.9,12.99,None,Authentic WMO/IMD Station Observation (IST),
2026-09-21T16:00:00,16,BHO01,42675,Bhopal (Bairagarh Met),Madhya Pradesh,Bhopal,23.287,77.35,523,West MP Plateau,"PT100 RTD, Campbell CS215, Vaisala PTB210",26.7,83.0,951.0,1.35,15.0,0.3,309.5,12.98,None,Authentic WMO/IMD Station Observation (IST),
2026-09-21T17:00:00,17,BHO01,42675,Bhopal (Bairagarh Met),Madhya Pradesh,Bhopal,23.287,77.35,523,West MP Plateau,"PT100 RTD, Campbell CS215, Vaisala PTB210",26.6,80.0,951.1,1.39,52.0,0.0,111.1,12.58,None,Authentic WMO/IMD Station Observation (IST),
2026-09-21T18:00:00,18,BHO01,42675,Bhopal (Bairagarh Met),Madhya Pradesh,Bhopal,23.287,77.35,523,West MP Plateau,"PT100 RTD, Campbell CS215, Vaisala PTB210",25.9,85.0,951.6,1.62,56.0,0.0,0.0,12.37,None,Authentic WMO/IMD Station Observation (IST),
2026-09-21T19:00:00,19,BHO01,42675,Bhopal (Bairagarh Met),Madhya Pradesh,Bhopal,23.287,77.35,523,West MP Plateau,"PT100 RTD, Campbell CS215, Vaisala PTB210",25.2,89.0,952.1,1.03,43.0,0.0,0.0,12.36,None,Authentic WMO/IMD Station Observation (IST),
2026-09-21T20:00:00,20,BHO01,42675,Bhopal (Bairagarh Met),Madhya Pradesh,Bhopal,23.287,77.35,523,West MP Plateau,"PT100 RTD, Campbell CS215, Vaisala PTB210",24.7,92.0,952.7,1.08,34.0,0.0,0.0,12.34,None,Authentic WMO/IMD Station Observation (IST),
2026-09-21T21:00:00,21,BHO01,42675,Bhopal (Bairagarh Met),Madhya Pradesh,Bhopal,23.287,77.35,523,West MP Plateau,"PT100 RTD, Campbell CS215, Vaisala PTB210",24.5,92.0,953.1,1.1,30.0,0.0,0.0,12.37,None,Authentic WMO/IMD Station Observation (IST),
2026-09-21T22:00:00,22,BHO01,42675,Bhopal (Bairagarh Met),Madhya Pradesh,Bhopal,23.287,77.35,523,West MP Plateau,"PT100 RTD, Campbell CS215, Vaisala PTB210",24.4,92.0,953.0,1.14,29.0,0.0,0.0,12.35,None,Authentic WMO/IMD Station Observation (IST),
2026-09-21T23:00:00,23,BHO01,42675,Bhopal (Bairagarh Met),Madhya Pradesh,Bhopal,23.287,77.35,523,West MP Plateau,"PT100 RTD, Campbell CS215, Vaisala PTB210",24.0,91.0,952.6,1.43,25.0,0.0,0.0,12.36,None,Authentic WMO/IMD Station Observation (IST),
2026-09-22T00:00:00,0,BHO01,42675,Bhopal (Bairagarh Met),Madhya Pradesh,Bhopal,23.287,77.35,523,West MP Plateau,"PT100 RTD, Campbell CS215, Vaisala PTB210",23.6,92.0,952.1,1.19,15.0,0.0,0.0,12.37,None,Authentic WMO/IMD Station Observation (IST),
2026-09-22T01:00:00,1,BHO01,42675,Bhopal (Bairagarh Met),Madhya Pradesh,Bhopal,23.287,77.35,523,West MP Plateau,"PT100 RTD, Campbell CS215, Vaisala PTB210",23.4,93.0,951.9,1.15,5.0,0.0,0.0,12.37,None,Authentic WMO/IMD Station Observation (IST),
2026-09-22T02:00:00,2,BHO01,42675,Bhopal (Bairagarh Met),Madhya Pradesh,Bhopal,23.287,77.35,523,West MP Plateau,"PT100 RTD, Campbell CS215, Vaisala PTB210",23.2,93.0,951.5,1.37,350.0,0.0,0.0,12.32,None,Authentic WMO/IMD Station Observation (IST),
2026-09-22T03:00:00,3,BHO01,42675,Bhopal (Bairagarh Met),Madhya Pradesh,Bhopal,23.287,77.35,523,West MP Plateau,"PT100 RTD, Campbell CS215, Vaisala PTB210",23.1,93.0,951.1,1.35,358.0,0.0,0.0,12.28,None,Authentic WMO/IMD Station Observation (IST),
2026-09-22T04:00:00,4,BHO01,42675,Bhopal (Bairagarh Met),Madhya Pradesh,Bhopal,23.287,77.35,523,West MP Plateau,"PT100 RTD, Campbell CS215, Vaisala PTB210",23.0,94.0,951.3,1.25,358.0,0.0,0.0,12.34,None,Authentic WMO/IMD Station Observation (IST),
2026-09-22T05:00:00,5,BHO01,42675,Bhopal (Bairagarh Met),Madhya Pradesh,Bhopal,23.287,77.35,523,West MP Plateau,"PT100 RTD, Campbell CS215, Vaisala PTB210",22.9,94.0,951.4,1.51,352.0,0.0,0.0,12.39,None,Authentic WMO/IMD Station Observation (IST),
2026-09-22T06:00:00,6,BHO01,42675,Bhopal (Bairagarh Met),Madhya Pradesh,Bhopal,23.287,77.35,523,West MP Plateau,"PT100 RTD, Campbell CS215, Vaisala PTB210",23.0,94.0,952.1,1.65,346.0,0.0,28.0,12.38,None,Authentic WMO/IMD Station Observation (IST),
2026-09-22T07:00:00,7,BHO01,42675,Bhopal (Bairagarh Met),Madhya Pradesh,Bhopal,23.287,77.35,523,West MP Plateau,"PT100 RTD, Campbell CS215, Vaisala PTB210",24.5,89.0,952.8,1.79,333.0,0.0,170.4,12.58,None,Authentic WMO/IMD Station Observation (IST),
2026-09-22T08:00:00,8,BHO01,42675,Bhopal (Bairagarh Met),Madhya Pradesh,Bhopal,23.287,77.35,523,West MP Plateau,"PT100 RTD, Campbell CS215, Vaisala PTB210",26.5,81.0,953.5,2.11,346.0,0.0,386.2,13.11,None,Authentic WMO/IMD Station Observation (IST),
2026-09-22T09:00:00,9,BHO01,42675,Bhopal (Bairagarh Met),Madhya Pradesh,Bhopal,23.287,77.35,523,West MP Plateau,"PT100 RTD, Campbell CS215, Vaisala PTB210",28.0,74.0,953.8,2.12,15.0,0.0,592.2,13.45,None,Authentic WMO/IMD Station Observation (IST),
2026-09-22T10:00:00,10,BHO01,42675,Bhopal (Bairagarh Met),Madhya Pradesh,Bhopal,23.287,77.35,523,West MP Plateau,"PT100 RTD, Campbell CS215, Vaisala PTB210",29.1,70.0,953.8,2.1,25.0,0.0,735.7,13.63,None,Authentic WMO/IMD Station Observation (IST),
2026-09-22T11:15:00,11,BHO01,42675,Bhopal (Bairagarh Met),Madhya Pradesh,Bhopal,23.287,77.35,523,West MP Plateau,"PT100 RTD, Campbell CS215, Vaisala PTB210",29.7,68.0,953.7,2.17,23.0,0.0,806.4,13.81,None,Live Real-Time IMD/AWS Ground Observation (IST),True
2026-09-21T12:00:00,12,RPR01,43041,Raipur Meteorological Center,Chhattisgarh,Raipur,21.251,81.629,298,Chhattisgarh Basin,"PT100 RTD, Texas TR-525 Rain Gauge, Young Wind",31.6,60.0,975.5,2.08,35.0,0.1,832.6,13.81,None,Authentic WMO/IMD Station Observation (IST),
2026-09-21T13:00:00,13,RPR01,43041,Raipur Meteorological Center,Chhattisgarh,Raipur,21.251,81.629,298,Chhattisgarh Basin,"PT100 RTD, Texas TR-525 Rain Gauge, Young Wind",31.6,60.0,974.3,1.97,27.0,0.1,725.6,13.64,None,Authentic WMO/IMD Station Observation (IST),
2026-09-21T14:00:00,14,RPR01,43041,Raipur Meteorological Center,Chhattisgarh,Raipur,21.251,81.629,298,Chhattisgarh Basin,"PT100 RTD, Texas TR-525 Rain Gauge, Young Wind",31.3,64.0,973.6,2.26,18.0,0.1,626.9,13.45,None,Authentic WMO/IMD Station Observation (IST),
2026-09-21T15:00:00,15,RPR01,43041,Raipur Meteorological Center,Chhattisgarh,Raipur,21.251,81.629,298,Chhattisgarh Basin,"PT100 RTD, Texas TR-525 Rain Gauge, Young Wind",31.2,67.0,973.0,2.33,10.0,0.0,444.7,13.2,None,Authentic WMO/IMD Station Observation (IST),
2026-09-21T16:00:00,16,RPR01,43041,Raipur Meteorological Center,Chhattisgarh,Raipur,21.251,81.629,298,Chhattisgarh Basin,"PT100 RTD, Texas TR-525 Rain Gauge, Young Wind",30.5,67.0,972.6,2.15,28.0,0.1,255.1,12.9,None,Authentic WMO/IMD Station Observation (IST),
2026-09-21T17:00:00,17,RPR01,43041,Raipur Meteorological Center,Chhattisgarh,Raipur,21.251,81.629,298,Chhattisgarh Basin,"PT100 RTD, Texas TR-525 Rain Gauge, Young Wind",30.3,65.0,972.9,2.01,27.0,0.4,60.8,12.49,None,Authentic WMO/IMD Station Observation (IST),
2026-09-21T18:00:00,18,RPR01,43041,Raipur Meteorological Center,Chhattisgarh,Raipur,21.251,81.629,298,Chhattisgarh Basin,"PT100 RTD, Texas TR-525 Rain Gauge, Young Wind",29.6,70.0,974.2,2.21,18.0,0.0,0.0,12.33,None,Authentic WMO/IMD Station Observation (IST),
2026-09-21T19:00:00,19,RPR01,43041,Raipur Meteorological Center,Chhattisgarh,Raipur,21.251,81.629,298,Chhattisgarh Basin,"PT100 RTD, Texas TR-525 Rain Gauge, Young Wind",29.1,74.0,974.8,2.19,24.0,0.0,0.0,12.32,None,Authentic WMO/IMD Station Observation (IST),
2026-09-21T20:00:00,20,RPR01,43041,Raipur Meteorological Center,Chhattisgarh,Raipur,21.251,81.629,298,Chhattisgarh Basin,"PT100 RTD, Texas TR-525 Rain Gauge, Young Wind",28.6,76.0,975.2,2.35,29.0,0.0,0.0,12.38,None,Authentic WMO/IMD Station Observation (IST),
2026-09-21T21:00:00,21,RPR01,43041,Raipur Meteorological Center,Chhattisgarh,Raipur,21.251,81.629,298,Chhattisgarh Basin,"PT100 RTD, Texas TR-525 Rain Gauge, Young Wind",27.9,79.0,975.8,2.62,55.0,0.0,0.0,12.45,None,Authentic WMO/IMD Station Observation (IST),
2026-09-21T22:00:00,22,RPR01,43041,Raipur Meteorological Center,Chhattisgarh,Raipur,21.251,81.629,298,Chhattisgarh Basin,"PT100 RTD, Texas TR-525 Rain Gauge, Young Wind",27.3,82.0,975.5,2.32,57.0,0.1,0.0,12.34,None,Authentic WMO/IMD Station Observation (IST),
2026-09-21T23:00:00,23,RPR01,43041,Raipur Meteorological Center,Chhattisgarh,Raipur,21.251,81.629,298,Chhattisgarh Basin,"PT100 RTD, Texas TR-525 Rain Gauge, Young Wind",27.1,85.0,974.8,2.12,71.0,0.0,0.0,12.32,None,Authentic WMO/IMD Station Observation (IST),
2026-09-22T00:00:00,0,RPR01,43041,Raipur Meteorological Center,Chhattisgarh,Raipur,21.251,81.629,298,Chhattisgarh Basin,"PT100 RTD, Texas TR-525 Rain Gauge, Young Wind",26.5,88.0,974.4,1.81,62.0,0.0,0.0,12.39,None,Authentic WMO/IMD Station Observation (IST),
2026-09-22T01:00:00,1,RPR01,43041,Raipur Meteorological Center,Chhattisgarh,Raipur,21.251,81.629,298,Chhattisgarh Basin,"PT100 RTD, Texas TR-525 Rain Gauge, Young Wind",26.1,90.0,974.0,1.07,28.0,0.0,0.0,12.41,None,Authentic WMO/IMD Station Observation (IST),
2026-09-22T02:00:00,2,RPR01,43041,Raipur Meteorological Center,Chhattisgarh,Raipur,21.251,81.629,298,Chhattisgarh Basin,"PT100 RTD, Texas TR-525 Rain Gauge, Young Wind",25.8,91.0,973.4,1.0,342.0,0.0,0.0,12.36,None,Authentic WMO/IMD Station Observation (IST),
2026-09-22T03:00:00,3,RPR01,43041,Raipur Meteorological Center,Chhattisgarh,Raipur,21.251,81.629,298,Chhattisgarh Basin,"PT100 RTD, Texas TR-525 Rain Gauge, Young Wind",25.5,93.0,973.1,1.3,4.0,0.0,0.0,12.31,None,Authentic WMO/IMD Station Observation (IST),
2026-09-22T04:00:00,4,RPR01,43041,Raipur Meteorological Center,Chhattisgarh,Raipur,21.251,81.629,298,Chhattisgarh Basin,"PT100 RTD, Texas TR-525 Rain Gauge, Young Wind",25.2,94.0,973.2,1.65,14.0,0.0,0.0,12.29,None,Authentic WMO/IMD Station Observation (IST),
2026-09-22T05:00:00,5,RPR01,43041,Raipur Meteorological Center,Chhattisgarh,Raipur,21.251,81.629,298,Chhattisgarh Basin,"PT100 RTD, Texas TR-525 Rain Gauge, Young Wind",25.0,96.0,973.7,1.66,7.0,0.0,0.0,12.36,None,Authentic WMO/IMD Station Observation (IST),
2026-09-22T06:00:00,6,RPR01,43041,Raipur Meteorological Center,Chhattisgarh,Raipur,21.251,81.629,298,Chhattisgarh Basin,"PT100 RTD, Texas TR-525 Rain Gauge, Young Wind",25.3,95.0,974.6,1.5,356.0,0.0,55.9,12.59,None,Authentic WMO/IMD Station Observation (IST),
2026-09-22T07:00:00,7,RPR01,43041,Raipur Meteorological Center,Chhattisgarh,Raipur,21.251,81.629,298,Chhattisgarh Basin,"PT100 RTD, Texas TR-525 Rain Gauge, Young Wind",26.9,87.0,975.3,1.65,358.0,0.0,214.4,12.82,None,Authentic WMO/IMD Station Observation (IST),
2026-09-22T08:00:00,8,RPR01,43041,Raipur Meteorological Center,Chhattisgarh,Raipur,21.251,81.629,298,Chhattisgarh Basin,"PT100 RTD, Texas TR-525 Rain Gauge, Young Wind",28.5,80.0,975.7,2.3,24.0,0.0,401.1,13.01,None,Authentic WMO/IMD Station Observation (IST),
2026-09-22T09:00:00,9,RPR01,43041,Raipur Meteorological Center,Chhattisgarh,Raipur,21.251,81.629,298,Chhattisgarh Basin,"PT100 RTD, Texas TR-525 Rain Gauge, Young Wind",29.7,73.0,975.2,3.09,23.0,0.2,560.3,13.4,None,Authentic WMO/IMD Station Observation (IST),
2026-09-22T10:00:00,10,RPR01,43041,Raipur Meteorological Center,Chhattisgarh,Raipur,21.251,81.629,298,Chhattisgarh Basin,"PT100 RTD, Texas TR-525 Rain Gauge, Young Wind",30.9,67.0,975.3,3.02,40.0,0.1,644.4,13.51,None,Authentic WMO/IMD Station Observation (IST),
2026-09-22T11:15:00,11,RPR01,43041,Raipur Meteorological Center,Chhattisgarh,Raipur,21.251,81.629,298,Chhattisgarh Basin,"PT100 RTD, Texas TR-525 Rain Gauge, Young Wind",27.8,81.0,975.3,2.86,54.0,0.6,629.2,13.5,None,Live Real-Time IMD/AWS Ground Observation (IST),True
2026-09-21T12:00:00,12,GOI01,43192,Goa (Panaji Observatory),Goa,Panaji,15.498,73.827,60,Konkan & Goa,"Marine PT100 RTD, Optical Rain Sensor, Vaisala PTB330",31.2,63.0,1008.9,3.67,285.0,0.2,793.0,13.83,None,Authentic WMO/IMD Station Observation (IST),
2026-09-21T13:00:00,13,GOI01,43192,Goa (Panaji Observatory),Goa,Panaji,15.498,73.827,60,Konkan & Goa,"Marine PT100 RTD, Optical Rain Sensor, Vaisala PTB330",31.3,64.0,1008.1,4.4,289.0,0.1,839.2,13.84,None,Authentic WMO/IMD Station Observation (IST),
2026-09-21T14:00:00,14,GOI01,43192,Goa (Panaji Observatory),Goa,Panaji,15.498,73.827,60,Konkan & Goa,"Marine PT100 RTD, Optical Rain Sensor, Vaisala PTB330",30.9,65.0,1007.3,5.06,287.0,0.0,687.2,13.6,None,Authentic WMO/IMD Station Observation (IST),
2026-09-21T15:00:00,15,GOI01,43192,Goa (Panaji Observatory),Goa,Panaji,15.498,73.827,60,Konkan & Goa,"Marine PT100 RTD, Optical Rain Sensor, Vaisala PTB330",30.5,66.0,1006.6,4.68,288.0,0.0,495.2,13.33,None,Authentic WMO/IMD Station Observation (IST),
2026-09-21T16:00:00,16,GOI01,43192,Goa (Panaji Observatory),Goa,Panaji,15.498,73.827,60,Konkan & Goa,"Marine PT100 RTD, Optical Rain Sensor, Vaisala PTB330",30.0,67.0,1006.3,4.71,287.0,0.0,367.8,13.05,None,Authentic WMO/IMD Station Observation (IST),
2026-09-21T17:00:00,17,GOI01,43192,Goa (Panaji Observatory),Goa,Panaji,15.498,73.827,60,Konkan & Goa,"Marine PT100 RTD, Optical Rain Sensor, Vaisala PTB330",30.7,63.0,1006.5,4.29,291.0,0.0,167.9,12.75,None,Authentic WMO/IMD Station Observation (IST),
2026-09-21T18:00:00,18,GOI01,43192,Goa (Panaji Observatory),Goa,Panaji,15.498,73.827,60,Konkan & Goa,"Marine PT100 RTD, Optical Rain Sensor, Vaisala PTB330",29.8,68.0,1007.2,3.59,302.0,0.0,0.0,12.41,None,Authentic WMO/IMD Station Observation (IST),
2026-09-21T19:00:00,19,GOI01,43192,Goa (Panaji Observatory),Goa,Panaji,15.498,73.827,60,Konkan & Goa,"Marine PT100 RTD, Optical Rain Sensor, Vaisala PTB330",29.3,73.0,1008.2,2.88,304.0,0.0,0.0,12.36,None,Authentic WMO/IMD Station Observation (IST),
2026-09-21T20:00:00,20,GOI01,43192,Goa (Panaji Observatory),Goa,Panaji,15.498,73.827,60,Konkan & Goa,"Marine PT100 RTD, Optical Rain Sensor, Vaisala PTB330",28.9,76.0,1009.3,2.58,313.0,0.0,0.0,12.43,None,Authentic WMO/IMD Station Observation (IST),
2026-09-21T21:00:00,21,GOI01,43192,Goa (Panaji Observatory),Goa,Panaji,15.498,73.827,60,Konkan & Goa,"Marine PT100 RTD, Optical Rain Sensor, Vaisala PTB330",28.6,78.0,1010.0,2.37,318.0,0.0,0.0,12.38,None,Authentic WMO/IMD Station Observation (IST),
2026-09-21T22:00:00,22,GOI01,43192,Goa (Panaji Observatory),Goa,Panaji,15.498,73.827,60,Konkan & Goa,"Marine PT100 RTD, Optical Rain Sensor, Vaisala PTB330",28.4,79.0,1010.2,2.3,319.0,0.0,0.0,12.34,None,Authentic WMO/IMD Station Observation (IST),
2026-09-21T23:00:00,23,GOI01,43192,Goa (Panaji Observatory),Goa,Panaji,15.498,73.827,60,Konkan & Goa,"Marine PT100 RTD, Optical Rain Sensor, Vaisala PTB330",27.9,82.0,1010.0,1.57,338.0,0.0,0.0,12.32,None,Authentic WMO/IMD Station Observation (IST),
2026-09-22T00:00:00,0,GOI01,43192,Goa (Panaji Observatory),Goa,Panaji,15.498,73.827,60,Konkan & Goa,"Marine PT100 RTD, Optical Rain Sensor, Vaisala PTB330",27.4,85.0,1009.6,0.87,347.0,0.0,0.0,12.46,None,Authentic WMO/IMD Station Observation (IST),
2026-09-22T01:00:00,1,GOI01,43192,Goa (Panaji Observatory),Goa,Panaji,15.498,73.827,60,Konkan & Goa,"Marine PT100 RTD, Optical Rain Sensor, Vaisala PTB330",27.0,88.0,1008.8,0.76,349.0,0.0,0.0,12.4,None,Authentic WMO/IMD Station Observation (IST),
2026-09-22T02:00:00,2,GOI01,43192,Goa (Panaji Observatory),Goa,Panaji,15.498,73.827,60,Konkan & Goa,"Marine PT100 RTD, Optical Rain Sensor, Vaisala PTB330",27.0,88.0,1008.4,0.7,339.0,0.0,0.0,12.33,None,Authentic WMO/IMD Station Observation (IST),
2026-09-22T03:00:00,3,GOI01,43192,Goa (Panaji Observatory),Goa,Panaji,15.498,73.827,60,Konkan & Goa,"Marine PT100 RTD, Optical Rain Sensor, Vaisala PTB330",26.5,90.0,1007.7,0.7,339.0,0.0,0.0,12.26,None,Authentic WMO/IMD Station Observation (IST),
2026-09-22T04:00:00,4,GOI01,43192,Goa (Panaji Observatory),Goa,Panaji,15.498,73.827,60,Konkan & Goa,"Marine PT100 RTD, Optical Rain Sensor, Vaisala PTB330",26.2,91.0,1007.7,0.4,353.0,0.0,0.0,12.38,None,Authentic WMO/IMD Station Observation (IST),
2026-09-22T05:00:00,5,GOI01,43192,Goa (Panaji Observatory),Goa,Panaji,15.498,73.827,60,Konkan & Goa,"Marine PT100 RTD, Optical Rain Sensor, Vaisala PTB330",25.8,95.0,1008.3,0.76,23.0,0.0,0.0,12.34,None,Authentic WMO/IMD Station Observation (IST),
2026-09-22T06:00:00,6,GOI01,43192,Goa (Panaji Observatory),Goa,Panaji,15.498,73.827,60,Konkan & Goa,"Marine PT100 RTD, Optical Rain Sensor, Vaisala PTB330",25.6,94.0,1008.8,0.57,38.0,0.0,0.0,12.28,None,Authentic WMO/IMD Station Observation (IST),
2026-09-22T07:00:00,7,GOI01,43192,Goa (Panaji Observatory),Goa,Panaji,15.498,73.827,60,Konkan & Goa,"Marine PT100 RTD, Optical Rain Sensor, Vaisala PTB330",26.8,89.0,1009.5,0.45,96.0,0.0,136.9,12.63,None,Authentic WMO/IMD Station Observation (IST),
2026-09-22T08:00:00,8,GOI01,43192,Goa (Panaji Observatory),Goa,Panaji,15.498,73.827,60,Konkan & Goa,"Marine PT100 RTD, Optical Rain Sensor, Vaisala PTB330",28.1,78.0,1010.4,0.7,291.0,0.1,321.0,12.94,None,Authentic WMO/IMD Station Observation (IST),
2026-09-22T09:00:00,9,GOI01,43192,Goa (Panaji Observatory),Goa,Panaji,15.498,73.827,60,Konkan & Goa,"Marine PT100 RTD, Optical Rain Sensor, Vaisala PTB330",29.0,72.0,1010.8,2.01,289.0,0.2,540.9,13.37,None,Authentic WMO/IMD Station Observation (IST),
2026-09-22T10:00:00,10,GOI01,43192,Goa (Panaji Observatory),Goa,Panaji,15.498,73.827,60,Konkan & Goa,"Marine PT100 RTD, Optical Rain Sensor, Vaisala PTB330",29.7,68.0,1010.8,3.22,276.0,0.1,710.0,13.64,None,Authentic WMO/IMD Station Observation (IST),
2026-09-22T11:15:00,11,GOI01,43192,Goa (Panaji Observatory),Goa,Panaji,15.498,73.827,60,Konkan & Goa,"Marine PT100 RTD, Optical Rain Sensor, Vaisala PTB330",29.9,69.0,1010.7,3.75,272.0,0.0,786.0,13.78,None,Live Real-Time IMD/AWS Ground Observation (IST),True
2026-09-21T12:00:00,12,BLR01,43295,Bengaluru (HAL Airport),Karnataka,Bengaluru,12.955,77.668,920,South Interior Karnataka,"PT100 RTD, Gill WindSonic Ultrasonic Anemometer, Campbell CS106",28.7,57.0,913.8,3.08,290.0,0.0,784.2,13.77,None,Authentic WMO/IMD Station Observation (IST),
2026-09-21T13:00:00,13,BLR01,43295,Bengaluru (HAL Airport),Karnataka,Bengaluru,12.955,77.668,920,South Interior Karnataka,"PT100 RTD, Gill WindSonic Ultrasonic Anemometer, Campbell CS106",28.6,57.0,912.7,3.16,281.0,0.0,592.7,13.46,None,Authentic WMO/IMD Station Observation (IST),
2026-09-21T14:00:00,14,BLR01,43295,Bengaluru (HAL Airport),Karnataka,Bengaluru,12.955,77.668,920,South Interior Karnataka,"PT100 RTD, Gill WindSonic Ultrasonic Anemometer, Campbell CS106",29.6,52.0,911.7,3.08,277.0,0.0,634.9,13.53,None,Authentic WMO/IMD Station Observation (IST),
2026-09-21T15:00:00,15,BLR01,43295,Bengaluru (HAL Airport),Karnataka,Bengaluru,12.955,77.668,920,South Interior Karnataka,"PT100 RTD, Gill WindSonic Ultrasonic Anemometer, Campbell CS106",28.8,53.0,910.3,2.66,286.0,0.0,301.0,12.92,None,Authentic WMO/IMD Station Observation (IST),
2026-09-21T16:00:00,16,BLR01,43295,Bengaluru (HAL Airport),Karnataka,Bengaluru,12.955,77.668,920,South Interior Karnataka,"PT100 RTD, Gill WindSonic Ultrasonic Anemometer, Campbell CS106",25.7,66.0,910.5,4.1,227.0,0.4,263.8,12.82,None,Authentic WMO/IMD Station Observation (IST),
2026-09-21T17:00:00,17,BLR01,43295,Bengaluru (HAL Airport),Karnataka,Bengaluru,12.955,77.668,920,South Interior Karnataka,"PT100 RTD, Gill WindSonic Ultrasonic Anemometer, Campbell CS106",24.2,74.0,911.7,3.26,238.0,2.0,67.5,12.5,None,Authentic WMO/IMD Station Observation (IST),
2026-09-21T18:00:00,18,BLR01,43295,Bengaluru (HAL Airport),Karnataka,Bengaluru,12.955,77.668,920,South Interior Karnataka,"PT100 RTD, Gill WindSonic Ultrasonic Anemometer, Campbell CS106",23.6,78.0,911.9,2.73,246.0,0.0,0.0,12.4,None,Authentic WMO/IMD Station Observation (IST),
2026-09-21T19:00:00,19,BLR01,43295,Bengaluru (HAL Airport),Karnataka,Bengaluru,12.955,77.668,920,South Interior Karnataka,"PT100 RTD, Gill WindSonic Ultrasonic Anemometer, Campbell CS106",23.3,81.0,912.7,2.44,259.0,0.0,0.0,12.3,None,Authentic WMO/IMD Station Observation (IST),
2026-09-21T20:00:00,20,BLR01,43295,Bengaluru (HAL Airport),Karnataka,Bengaluru,12.955,77.668,920,South Interior Karnataka,"PT100 RTD, Gill WindSonic Ultrasonic Anemometer, Campbell CS106",23.2,83.0,913.6,2.56,276.0,0.0,0.0,12.28,None,Authentic WMO/IMD Station Observation (IST),
2026-09-21T21:00:00,21,BLR01,43295,Bengaluru (HAL Airport),Karnataka,Bengaluru,12.955,77.668,920,South Interior Karnataka,"PT100 RTD, Gill WindSonic Ultrasonic Anemometer, Campbell CS106",23.1,86.0,914.2,1.81,276.0,0.0,0.0,12.35,None,Authentic WMO/IMD Station Observation (IST),
2026-09-21T22:00:00,22,BLR01,43295,Bengaluru (HAL Airport),Karnataka,Bengaluru,12.955,77.668,920,South Interior Karnataka,"PT100 RTD, Gill WindSonic Ultrasonic Anemometer, Campbell CS106",22.8,88.0,914.3,1.77,278.0,0.2,0.0,12.43,None,Authentic WMO/IMD Station Observation (IST),
2026-09-21T23:00:00,23,BLR01,43295,Bengaluru (HAL Airport),Karnataka,Bengaluru,12.955,77.668,920,South Interior Karnataka,"PT100 RTD, Gill WindSonic Ultrasonic Anemometer, Campbell CS106",21.8,94.0,913.6,2.62,262.0,0.2,0.0,12.41,None,Authentic WMO/IMD Station Observation (IST),
2026-09-22T00:00:00,0,BLR01,43295,Bengaluru (HAL Airport),Karnataka,Bengaluru,12.955,77.668,920,South Interior Karnataka,"PT100 RTD, Gill WindSonic Ultrasonic Anemometer, Campbell CS106",21.6,96.0,912.8,3.21,266.0,1.2,0.0,12.37,None,Authentic WMO/IMD Station Observation (IST),
2026-09-22T01:00:00,1,BLR01,43295,Bengaluru (HAL Airport),Karnataka,Bengaluru,12.955,77.668,920,South Interior Karnataka,"PT100 RTD, Gill WindSonic Ultrasonic Anemometer, Campbell CS106",21.3,96.0,912.4,3.23,257.0,1.3,0.0,12.43,None,Authentic WMO/IMD Station Observation (IST),
2026-09-22T02:00:00,2,BLR01,43295,Bengaluru (HAL Airport),Karnataka,Bengaluru,12.955,77.668,920,South Interior Karnataka,"PT100 RTD, Gill WindSonic Ultrasonic Anemometer, Campbell CS106",21.0,97.0,911.7,3.38,262.0,0.6,0.0,12.3,None,Authentic WMO/IMD Station Observation (IST),
2026-09-22T03:00:00,3,BLR01,43295,Bengaluru (HAL Airport),Karnataka,Bengaluru,12.955,77.668,920,South Interior Karnataka,"PT100 RTD, Gill WindSonic Ultrasonic Anemometer, Campbell CS106",20.9,98.0,911.1,3.28,262.0,0.1,0.0,12.31,None,Authentic WMO/IMD Station Observation (IST),
2026-09-22T04:00:00,4,BLR01,43295,Bengaluru (HAL Airport),Karnataka,Bengaluru,12.955,77.668,920,South Interior Karnataka,"PT100 RTD, Gill WindSonic Ultrasonic Anemometer, Campbell CS106",20.9,98.0,911.1,2.9,273.0,0.0,0.0,12.38,None,Authentic WMO/IMD Station Observation (IST),
2026-09-22T05:00:00,5,BLR01,43295,Bengaluru (HAL Airport),Karnataka,Bengaluru,12.955,77.668,920,South Interior Karnataka,"PT100 RTD, Gill WindSonic Ultrasonic Anemometer, Campbell CS106",21.1,97.0,911.4,2.95,281.0,0.0,0.0,12.38,None,Authentic WMO/IMD Station Observation (IST),
2026-09-22T06:00:00,6,BLR01,43295,Bengaluru (HAL Airport),Karnataka,Bengaluru,12.955,77.668,920,South Interior Karnataka,"PT100 RTD, Gill WindSonic Ultrasonic Anemometer, Campbell CS106",21.1,97.0,911.9,3.13,278.0,0.0,13.3,12.49,None,Authentic WMO/IMD Station Observation (IST),
2026-09-22T07:00:00,7,BLR01,43295,Bengaluru (HAL Airport),Karnataka,Bengaluru,12.955,77.668,920,South Interior Karnataka,"PT100 RTD, Gill WindSonic Ultrasonic Anemometer, Campbell CS106",21.4,94.0,912.8,3.2,270.0,0.0,106.3,12.54,None,Authentic WMO/IMD Station Observation (IST),
2026-09-22T08:00:00,8,BLR01,43295,Bengaluru (HAL Airport),Karnataka,Bengaluru,12.955,77.668,920,South Interior Karnataka,"PT100 RTD, Gill WindSonic Ultrasonic Anemometer, Campbell CS106",22.4,86.0,913.6,4.12,276.0,0.0,210.2,12.7,None,Authentic WMO/IMD Station Observation (IST),
2026-09-22T09:00:00,9,BLR01,43295,Bengaluru (HAL Airport),Karnataka,Bengaluru,12.955,77.668,920,South Interior Karnataka,"PT100 RTD, Gill WindSonic Ultrasonic Anemometer, Campbell CS106",23.5,79.0,914.3,4.28,277.0,0.0,304.3,12.93,None,Authentic WMO/IMD Station Observation (IST),
2026-09-22T10:00:00,10,BLR01,43295,Bengaluru (HAL Airport),Karnataka,Bengaluru,12.955,77.668,920,South Interior Karnataka,"PT100 RTD, Gill WindSonic Ultrasonic Anemometer, Campbell CS106",24.9,70.0,914.7,4.15,279.0,0.0,496.5,13.29,None,Authentic WMO/IMD Station Observation (IST),
2026-09-22T11:15:00,11,BLR01,43295,Bengaluru (HAL Airport),Karnataka,Bengaluru,12.955,77.668,920,South Interior Karnataka,"PT100 RTD, Gill WindSonic Ultrasonic Anemometer, Campbell CS106",25.3,67.0,914.4,3.98,282.0,0.0,510.6,13.24,None,Live Real-Time IMD/AWS Ground Observation (IST),True
2026-09-21T12:00:00,12,MAA01,43279,Chennai (Meenambakkam),Tamil Nadu,Chennai,12.994,80.18,16,North Coastal Tamil Nadu,"PT100 RTD, Campbell CS215 Temp/RH, Texas TR-525 Rain Gauge",33.4,59.0,1005.7,1.7,336.0,0.0,739.8,13.78,None,Authentic WMO/IMD Station Observation (IST),
2026-09-21T13:00:00,13,MAA01,43279,Chennai (Meenambakkam),Tamil Nadu,Chennai,12.994,80.18,16,North Coastal Tamil Nadu,"PT100 RTD, Campbell CS215 Temp/RH, Texas TR-525 Rain Gauge",33.2,59.0,1005.0,1.71,7.0,0.0,681.2,13.54,None,Authentic WMO/IMD Station Observation (IST),
2026-09-21T14:00:00,14,MAA01,43279,Chennai (Meenambakkam),Tamil Nadu,Chennai,12.994,80.18,16,North Coastal Tamil Nadu,"PT100 RTD, Campbell CS215 Temp/RH, Texas TR-525 Rain Gauge",30.7,72.0,1004.0,1.05,93.0,1.9,413.4,13.13,None,Authentic WMO/IMD Station Observation (IST),
2026-09-21T15:00:00,15,MAA01,43279,Chennai (Meenambakkam),Tamil Nadu,Chennai,12.994,80.18,16,North Coastal Tamil Nadu,"PT100 RTD, Campbell CS215 Temp/RH, Texas TR-525 Rain Gauge",31.0,73.0,1003.4,1.44,160.0,0.3,325.8,12.95,None,Authentic WMO/IMD Station Observation (IST),
2026-09-21T16:00:00,16,MAA01,43279,Chennai (Meenambakkam),Tamil Nadu,Chennai,12.994,80.18,16,North Coastal Tamil Nadu,"PT100 RTD, Campbell CS215 Temp/RH, Texas TR-525 Rain Gauge",29.3,77.0,1004.1,2.73,221.0,0.1,229.1,12.79,None,Authentic WMO/IMD Station Observation (IST),
2026-09-21T17:00:00,17,MAA01,43279,Chennai (Meenambakkam),Tamil Nadu,Chennai,12.994,80.18,16,North Coastal Tamil Nadu,"PT100 RTD, Campbell CS215 Temp/RH, Texas TR-525 Rain Gauge",29.7,78.0,1004.1,2.91,231.0,5.3,62.0,12.48,None,Authentic WMO/IMD Station Observation (IST),
2026-09-21T18:00:00,18,MAA01,43279,Chennai (Meenambakkam),Tamil Nadu,Chennai,12.994,80.18,16,North Coastal Tamil Nadu,"PT100 RTD, Campbell CS215 Temp/RH, Texas TR-525 Rain Gauge",27.8,84.0,1005.4,3.05,272.0,0.4,0.0,12.29,None,Authentic WMO/IMD Station Observation (IST),
2026-09-21T19:00:00,19,MAA01,43279,Chennai (Meenambakkam),Tamil Nadu,Chennai,12.994,80.18,16,North Coastal Tamil Nadu,"PT100 RTD, Campbell CS215 Temp/RH, Texas TR-525 Rain Gauge",26.9,86.0,1006.5,2.51,264.0,0.2,0.0,12.42,None,Authentic WMO/IMD Station Observation (IST),
2026-09-21T20:00:00,20,MAA01,43279,Chennai (Meenambakkam),Tamil Nadu,Chennai,12.994,80.18,16,North Coastal Tamil Nadu,"PT100 RTD, Campbell CS215 Temp/RH, Texas TR-525 Rain Gauge",26.8,84.0,1007.1,2.66,250.0,0.0,0.0,12.43,None,Authentic WMO/IMD Station Observation (IST),
2026-09-21T21:00:00,21,MAA01,43279,Chennai (Meenambakkam),Tamil Nadu,Chennai,12.994,80.18,16,North Coastal Tamil Nadu,"PT100 RTD, Campbell CS215 Temp/RH, Texas TR-525 Rain Gauge",26.4,82.0,1007.5,3.0,244.0,0.0,0.0,12.35,None,Authentic WMO/IMD Station Observation (IST),
2026-09-21T22:00:00,22,MAA01,43279,Chennai (Meenambakkam),Tamil Nadu,Chennai,12.994,80.18,16,North Coastal Tamil Nadu,"PT100 RTD, Campbell CS215 Temp/RH, Texas TR-525 Rain Gauge",26.1,81.0,1007.5,2.93,245.0,0.0,0.0,12.39,None,Authentic WMO/IMD Station Observation (IST),
2026-09-21T23:00:00,23,MAA01,43279,Chennai (Meenambakkam),Tamil Nadu,Chennai,12.994,80.18,16,North Coastal Tamil Nadu,"PT100 RTD, Campbell CS215 Temp/RH, Texas TR-525 Rain Gauge",26.1,81.0,1006.5,3.67,264.0,0.0,0.0,12.29,None,Authentic WMO/IMD Station Observation (IST),
2026-09-22T00:00:00,0,MAA01,43279,Chennai (Meenambakkam),Tamil Nadu,Chennai,12.994,80.18,16,North Coastal Tamil Nadu,"PT100 RTD, Campbell CS215 Temp/RH, Texas TR-525 Rain Gauge",26.0,81.0,1006.0,3.88,263.0,0.0,0.0,12.31,None,Authentic WMO/IMD Station Observation (IST),
2026-09-22T01:00:00,1,MAA01,43279,Chennai (Meenambakkam),Tamil Nadu,Chennai,12.994,80.18,16,North Coastal Tamil Nadu,"PT100 RTD, Campbell CS215 Temp/RH, Texas TR-525 Rain Gauge",25.9,80.0,1005.7,3.55,260.0,0.0,0.0,12.33,None,Authentic WMO/IMD Station Observation (IST),
2026-09-22T02:00:00,2,MAA01,43279,Chennai (Meenambakkam),Tamil Nadu,Chennai,12.994,80.18,16,North Coastal Tamil Nadu,"PT100 RTD, Campbell CS215 Temp/RH, Texas TR-525 Rain Gauge",26.1,78.0,1004.9,3.92,256.0,0.0,0.0,12.32,None,Authentic WMO/IMD Station Observation (IST),
2026-09-22T03:00:00,3,MAA01,43279,Chennai (Meenambakkam),Tamil Nadu,Chennai,12.994,80.18,16,North Coastal Tamil Nadu,"PT100 RTD, Campbell CS215 Temp/RH, Texas TR-525 Rain Gauge",26.4,76.0,1004.4,4.19,262.0,0.0,0.0,12.3,None,Authentic WMO/IMD Station Observation (IST),
2026-09-22T04:00:00,4,MAA01,43279,Chennai (Meenambakkam),Tamil Nadu,Chennai,12.994,80.18,16,North Coastal Tamil Nadu,"PT100 RTD, Campbell CS215 Temp/RH, Texas TR-525 Rain Gauge",26.1,77.0,1004.7,3.57,264.0,0.0,0.0,12.39,None,Authentic WMO/IMD Station Observation (IST),
2026-09-22T05:00:00,5,MAA01,43279,Chennai (Meenambakkam),Tamil Nadu,Chennai,12.994,80.18,16,North Coastal Tamil Nadu,"PT100 RTD, Campbell CS215 Temp/RH, Texas TR-525 Rain Gauge",26.2,78.0,1005.0,3.34,261.0,0.0,0.0,12.41,None,Authentic WMO/IMD Station Observation (IST),
2026-09-22T06:00:00,6,MAA01,43279,Chennai (Meenambakkam),Tamil Nadu,Chennai,12.994,80.18,16,North Coastal Tamil Nadu,"PT100 RTD, Campbell CS215 Temp/RH, Texas TR-525 Rain Gauge",26.2,79.0,1005.5,3.01,266.0,0.0,46.8,12.42,None,Authentic WMO/IMD Station Observation (IST),
2026-09-22T07:00:00,7,MAA01,43279,Chennai (Meenambakkam),Tamil Nadu,Chennai,12.994,80.18,16,North Coastal Tamil Nadu,"PT100 RTD, Campbell CS215 Temp/RH, Texas TR-525 Rain Gauge",27.4,78.0,1006.4,2.38,255.0,0.0,191.9,12.74,None,Authentic WMO/IMD Station Observation (IST),
2026-09-22T08:00:00,8,MAA01,43279,Chennai (Meenambakkam),Tamil Nadu,Chennai,12.994,80.18,16,North Coastal Tamil Nadu,"PT100 RTD, Campbell CS215 Temp/RH, Texas TR-525 Rain Gauge",28.8,74.0,1007.2,2.72,250.0,0.0,334.5,12.93,None,Authentic WMO/IMD Station Observation (IST),
2026-09-22T09:00:00,9,MAA01,43279,Chennai (Meenambakkam),Tamil Nadu,Chennai,12.994,80.18,16,North Coastal Tamil Nadu,"PT100 RTD, Campbell CS215 Temp/RH, Texas TR-525 Rain Gauge",30.0,71.0,1007.3,3.43,254.0,0.0,478.0,13.21,None,Authentic WMO/IMD Station Observation (IST),
2026-09-22T10:00:00,10,MAA01,43279,Chennai (Meenambakkam),Tamil Nadu,Chennai,12.994,80.18,16,North Coastal Tamil Nadu,"PT100 RTD, Campbell CS215 Temp/RH, Texas TR-525 Rain Gauge",31.7,64.0,1006.9,3.72,264.0,0.0,757.5,13.79,None,Authentic WMO/IMD Station Observation (IST),
2026-09-22T11:15:00,11,MAA01,43279,Chennai (Meenambakkam),Tamil Nadu,Chennai,12.994,80.18,16,North Coastal Tamil Nadu,"PT100 RTD, Campbell CS215 Temp/RH, Texas TR-525 Rain Gauge",32.5,61.0,1006.3,4.32,276.0,0.0,745.6,13.76,None,Live Real-Time IMD/AWS Ground Observation (IST),True
2026-09-21T12:00:00,12,HYD01,43128,Hyderabad (Begumpet Airport),Telangana,Hyderabad,17.453,78.467,531,Telangana Plateau,"PT100 RTD, Vaisala HMP155, Young Wind Monitor",30.3,56.0,951.1,2.04,329.0,0.4,783.7,13.79,None,Authentic WMO/IMD Station Observation (IST),
2026-09-21T13:00:00,13,HYD01,43128,Hyderabad (Begumpet Airport),Telangana,Hyderabad,17.453,78.467,531,Telangana Plateau,"PT100 RTD, Vaisala HMP155, Young Wind Monitor",31.1,55.0,950.4,2.13,336.0,0.1,783.6,13.67,None,Authentic WMO/IMD Station Observation (IST),
2026-09-21T14:00:00,14,HYD01,43128,Hyderabad (Begumpet Airport),Telangana,Hyderabad,17.453,78.467,531,Telangana Plateau,"PT100 RTD, Vaisala HMP155, Young Wind Monitor",31.5,53.0,949.3,2.23,340.0,0.0,679.7,13.58,None,Authentic WMO/IMD Station Observation (IST),
2026-09-21T15:00:00,15,HYD01,43128,Hyderabad (Begumpet Airport),Telangana,Hyderabad,17.453,78.467,531,Telangana Plateau,"PT100 RTD, Vaisala HMP155, Young Wind Monitor",26.1,78.0,948.6,3.51,327.0,1.2,252.7,12.89,None,Authentic WMO/IMD Station Observation (IST),
2026-09-21T16:00:00,16,HYD01,43128,Hyderabad (Begumpet Airport),Telangana,Hyderabad,17.453,78.467,531,Telangana Plateau,"PT100 RTD, Vaisala HMP155, Young Wind Monitor",27.6,73.0,948.0,1.96,356.0,0.3,279.2,12.83,None,Authentic WMO/IMD Station Observation (IST),
2026-09-21T17:00:00,17,HYD01,43128,Hyderabad (Begumpet Airport),Telangana,Hyderabad,17.453,78.467,531,Telangana Plateau,"PT100 RTD, Vaisala HMP155, Young Wind Monitor",27.9,70.0,948.5,1.6,358.0,0.1,100.2,12.58,None,Authentic WMO/IMD Station Observation (IST),
2026-09-21T18:00:00,18,HYD01,43128,Hyderabad (Begumpet Airport),Telangana,Hyderabad,17.453,78.467,531,Telangana Plateau,"PT100 RTD, Vaisala HMP155, Young Wind Monitor",27.3,73.0,949.5,1.61,344.0,0.0,0.0,12.41,None,Authentic WMO/IMD Station Observation (IST),
2026-09-21T19:00:00,19,HYD01,43128,Hyderabad (Begumpet Airport),Telangana,Hyderabad,17.453,78.467,531,Telangana Plateau,"PT100 RTD, Vaisala HMP155, Young Wind Monitor",26.7,78.0,950.5,1.74,333.0,0.0,0.0,12.35,None,Authentic WMO/IMD Station Observation (IST),
2026-09-21T20:00:00,20,HYD01,43128,Hyderabad (Begumpet Airport),Telangana,Hyderabad,17.453,78.467,531,Telangana Plateau,"PT100 RTD, Vaisala HMP155, Young Wind Monitor",26.3,82.0,951.2,1.37,327.0,0.0,0.0,12.34,None,Authentic WMO/IMD Station Observation (IST),
2026-09-21T21:00:00,21,HYD01,43128,Hyderabad (Begumpet Airport),Telangana,Hyderabad,17.453,78.467,531,Telangana Plateau,"PT100 RTD, Vaisala HMP155, Young Wind Monitor",26.0,85.0,951.4,1.18,324.0,0.0,0.0,12.34,None,Authentic WMO/IMD Station Observation (IST),
2026-09-21T22:00:00,22,HYD01,43128,Hyderabad (Begumpet Airport),Telangana,Hyderabad,17.453,78.467,531,Telangana Plateau,"PT100 RTD, Vaisala HMP155, Young Wind Monitor",25.8,86.0,951.5,1.52,316.0,0.0,0.0,12.35,None,Authentic WMO/IMD Station Observation (IST),
2026-09-21T23:00:00,23,HYD01,43128,Hyderabad (Begumpet Airport),Telangana,Hyderabad,17.453,78.467,531,Telangana Plateau,"PT100 RTD, Vaisala HMP155, Young Wind Monitor",25.7,87.0,951.1,1.7,317.0,0.0,0.0,12.39,None,Authentic WMO/IMD Station Observation (IST),
2026-09-22T00:00:00,0,HYD01,43128,Hyderabad (Begumpet Airport),Telangana,Hyderabad,17.453,78.467,531,Telangana Plateau,"PT100 RTD, Vaisala HMP155, Young Wind Monitor",25.2,89.0,950.5,1.49,318.0,0.0,0.0,12.38,None,Authentic WMO/IMD Station Observation (IST),
2026-09-22T01:00:00,1,HYD01,43128,Hyderabad (Begumpet Airport),Telangana,Hyderabad,17.453,78.467,531,Telangana Plateau,"PT100 RTD, Vaisala HMP155, Young Wind Monitor",25.0,91.0,950.0,1.4,305.0,0.0,0.0,12.31,None,Authentic WMO/IMD Station Observation (IST),
2026-09-22T02:00:00,2,HYD01,43128,Hyderabad (Begumpet Airport),Telangana,Hyderabad,17.453,78.467,531,Telangana Plateau,"PT100 RTD, Vaisala HMP155, Young Wind Monitor",24.7,91.0,949.4,1.6,302.0,0.0,0.0,12.3,None,Authentic WMO/IMD Station Observation (IST),
2026-09-22T03:00:00,3,HYD01,43128,Hyderabad (Begumpet Airport),Telangana,Hyderabad,17.453,78.467,531,Telangana Plateau,"PT100 RTD, Vaisala HMP155, Young Wind Monitor",24.4,92.0,948.7,1.9,300.0,0.0,0.0,12.29,None,Authentic WMO/IMD Station Observation (IST),
2026-09-22T04:00:00,4,HYD01,43128,Hyderabad (Begumpet Airport),Telangana,Hyderabad,17.453,78.467,531,Telangana Plateau,"PT100 RTD, Vaisala HMP155, Young Wind Monitor",24.1,93.0,949.1,1.9,288.0,0.0,0.0,12.35,None,Authentic WMO/IMD Station Observation (IST),
2026-09-22T05:00:00,5,HYD01,43128,Hyderabad (Begumpet Airport),Telangana,Hyderabad,17.453,78.467,531,Telangana Plateau,"PT100 RTD, Vaisala HMP155, Young Wind Monitor",23.9,93.0,949.1,2.3,283.0,0.0,0.0,12.3,None,Authentic WMO/IMD Station Observation (IST),
2026-09-22T06:00:00,6,HYD01,43128,Hyderabad (Begumpet Airport),Telangana,Hyderabad,17.453,78.467,531,Telangana Plateau,"PT100 RTD, Vaisala HMP155, Young Wind Monitor",23.9,90.0,949.9,2.33,298.0,0.0,33.7,12.37,None,Authentic WMO/IMD Station Observation (IST),
2026-09-22T07:00:00,7,HYD01,43128,Hyderabad (Begumpet Airport),Telangana,Hyderabad,17.453,78.467,531,Telangana Plateau,"PT100 RTD, Vaisala HMP155, Young Wind Monitor",25.1,84.0,950.7,2.27,303.0,0.0,185.1,12.74,None,Authentic WMO/IMD Station Observation (IST),
2026-09-22T08:00:00,8,HYD01,43128,Hyderabad (Begumpet Airport),Telangana,Hyderabad,17.453,78.467,531,Telangana Plateau,"PT100 RTD, Vaisala HMP155, Young Wind Monitor",27.1,73.0,951.3,3.19,312.0,0.0,427.4,13.2,None,Authentic WMO/IMD Station Observation (IST),
2026-09-22T09:00:00,9,HYD01,43128,Hyderabad (Begumpet Airport),Telangana,Hyderabad,17.453,78.467,531,Telangana Plateau,"PT100 RTD, Vaisala HMP155, Young Wind Monitor",28.6,64.0,951.3,3.43,318.0,0.0,572.4,13.48,None,Authentic WMO/IMD Station Observation (IST),
2026-09-22T10:00:00,10,HYD01,43128,Hyderabad (Begumpet Airport),Telangana,Hyderabad,17.453,78.467,531,Telangana Plateau,"PT100 RTD, Vaisala HMP155, Young Wind Monitor",30.1,59.0,951.6,3.23,319.0,0.1,787.1,13.76,None,Authentic WMO/IMD Station Observation (IST),
2026-09-22T11:15:00,11,HYD01,43128,Hyderabad (Begumpet Airport),Telangana,Hyderabad,17.453,78.467,531,Telangana Plateau,"PT100 RTD, Vaisala HMP155, Young Wind Monitor",30.9,57.0,951.3,3.33,324.0,0.0,799.8,13.77,None,Live Real-Time IMD/AWS Ground Observation (IST),True
2026-09-21T12:00:00,12,VTZ01,43149,Visakhapatnam Cyclone Warning Center,Andhra Pradesh,Visakhapatnam,17.704,83.297,5,Coastal Andhra,"Heavy-Duty Marine Ultrasonic Wind, PT100 RTD, Vaisala Barometer",31.3,70.0,1005.6,1.08,146.0,0.1,585.3,13.4,None,Authentic WMO/IMD Station Observation (IST),
2026-09-21T13:00:00,13,VTZ01,43149,Visakhapatnam Cyclone Warning Center,Andhra Pradesh,Visakhapatnam,17.704,83.297,5,Coastal Andhra,"Heavy-Duty Marine Ultrasonic Wind, PT100 RTD, Vaisala Barometer",30.2,76.0,1004.6,1.56,173.0,0.2,542.4,13.31,None,Authentic WMO/IMD Station Observation (IST),
2026-09-21T14:00:00,14,VTZ01,43149,Visakhapatnam Cyclone Warning Center,Andhra Pradesh,Visakhapatnam,17.704,83.297,5,Coastal Andhra,"Heavy-Duty Marine Ultrasonic Wind, PT100 RTD, Vaisala Barometer",27.8,89.0,1003.8,1.63,281.0,2.8,432.9,13.23,None,Authentic WMO/IMD Station Observation (IST),
2026-09-21T15:00:00,15,VTZ01,43149,Visakhapatnam Cyclone Warning Center,Andhra Pradesh,Visakhapatnam,17.704,83.297,5,Coastal Andhra,"Heavy-Duty Marine Ultrasonic Wind, PT100 RTD, Vaisala Barometer",28.5,86.0,1003.9,1.6,340.0,0.6,328.9,12.94,None,Authentic WMO/IMD Station Observation (IST),
2026-09-21T16:00:00,16,VTZ01,43149,Visakhapatnam Cyclone Warning Center,Andhra Pradesh,Visakhapatnam,17.704,83.297,5,Coastal Andhra,"Heavy-Duty Marine Ultrasonic Wind, PT100 RTD, Vaisala Barometer",27.8,94.0,1003.2,1.77,344.0,1.2,98.3,12.56,None,Authentic WMO/IMD Station Observation (IST),
2026-09-21T17:00:00,17,VTZ01,43149,Visakhapatnam Cyclone Warning Center,Andhra Pradesh,Visakhapatnam,17.704,83.297,5,Coastal Andhra,"Heavy-Duty Marine Ultrasonic Wind, PT100 RTD, Vaisala Barometer",28.8,81.0,1003.5,0.3,99.0,0.5,26.0,12.27,None,Authentic WMO/IMD Station Observation (IST),
2026-09-21T18:00:00,18,VTZ01,43149,Visakhapatnam Cyclone Warning Center,Andhra Pradesh,Visakhapatnam,17.704,83.297,5,Coastal Andhra,"Heavy-Duty Marine Ultrasonic Wind, PT100 RTD, Vaisala Barometer",27.9,91.0,1004.4,1.17,47.0,2.3,0.0,12.35,None,Authentic WMO/IMD Station Observation (IST),
2026-09-21T19:00:00,19,VTZ01,43149,Visakhapatnam Cyclone Warning Center,Andhra Pradesh,Visakhapatnam,17.704,83.297,5,Coastal Andhra,"Heavy-Duty Marine Ultrasonic Wind, PT100 RTD, Vaisala Barometer",27.5,97.0,1005.0,0.86,324.0,0.4,0.0,12.32,None,Authentic WMO/IMD Station Observation (IST),
2026-09-21T20:00:00,20,VTZ01,43149,Visakhapatnam Cyclone Warning Center,Andhra Pradesh,Visakhapatnam,17.704,83.297,5,Coastal Andhra,"Heavy-Duty Marine Ultrasonic Wind, PT100 RTD, Vaisala Barometer",27.2,99.0,1005.7,1.64,301.0,0.1,0.0,12.38,None,Authentic WMO/IMD Station Observation (IST),
2026-09-21T21:00:00,21,VTZ01,43149,Visakhapatnam Cyclone Warning Center,Andhra Pradesh,Visakhapatnam,17.704,83.297,5,Coastal Andhra,"Heavy-Duty Marine Ultrasonic Wind, PT100 RTD, Vaisala Barometer",26.9,98.0,1006.1,1.91,276.0,0.3,0.0,12.3,None,Authentic WMO/IMD Station Observation (IST),
2026-09-21T22:00:00,22,VTZ01,43149,Visakhapatnam Cyclone Warning Center,Andhra Pradesh,Visakhapatnam,17.704,83.297,5,Coastal Andhra,"Heavy-Duty Marine Ultrasonic Wind, PT100 RTD, Vaisala Barometer",26.6,98.0,1005.7,1.62,261.0,0.6,0.0,12.29,None,Authentic WMO/IMD Station Observation (IST),
2026-09-21T23:00:00,23,VTZ01,43149,Visakhapatnam Cyclone Warning Center,Andhra Pradesh,Visakhapatnam,17.704,83.297,5,Coastal Andhra,"Heavy-Duty Marine Ultrasonic Wind, PT100 RTD, Vaisala Barometer",26.8,99.0,1005.1,1.32,279.0,1.6,0.0,12.31,None,Authentic WMO/IMD Station Observation (IST),
2026-09-22T00:00:00,0,VTZ01,43149,Visakhapatnam Cyclone Warning Center,Andhra Pradesh,Visakhapatnam,17.704,83.297,5,Coastal Andhra,"Heavy-Duty Marine Ultrasonic Wind, PT100 RTD, Vaisala Barometer",26.2,99.0,1004.6,2.5,244.0,3.3,0.0,12.39,None,Authentic WMO/IMD Station Observation (IST),
2026-09-22T01:00:00,1,VTZ01,43149,Visakhapatnam Cyclone Warning Center,Andhra Pradesh,Visakhapatnam,17.704,83.297,5,Coastal Andhra,"Heavy-Duty Marine Ultrasonic Wind, PT100 RTD, Vaisala Barometer",25.9,99.0,1003.7,2.87,257.0,2.9,0.0,12.42,None,Authentic WMO/IMD Station Observation (IST),
2026-09-22T02:00:00,2,VTZ01,43149,Visakhapatnam Cyclone Warning Center,Andhra Pradesh,Visakhapatnam,17.704,83.297,5,Coastal Andhra,"Heavy-Duty Marine Ultrasonic Wind, PT100 RTD, Vaisala Barometer",25.8,99.0,1002.6,2.86,266.0,1.4,0.0,12.33,None,Authentic WMO/IMD Station Observation (IST),
2026-09-22T03:00:00,3,VTZ01,43149,Visakhapatnam Cyclone Warning Center,Andhra Pradesh,Visakhapatnam,17.704,83.297,5,Coastal Andhra,"Heavy-Duty Marine Ultrasonic Wind, PT100 RTD, Vaisala Barometer",25.7,99.0,1002.8,2.65,268.0,1.7,0.0,12.31,None,Authentic WMO/IMD Station Observation (IST),
2026-09-22T04:00:00,4,VTZ01,43149,Visakhapatnam Cyclone Warning Center,Andhra Pradesh,Visakhapatnam,17.704,83.297,5,Coastal Andhra,"Heavy-Duty Marine Ultrasonic Wind, PT100 RTD, Vaisala Barometer",25.5,98.0,1002.0,3.75,268.0,2.5,0.0,12.35,None,Authentic WMO/IMD Station Observation (IST),
2026-09-22T05:00:00,5,VTZ01,43149,Visakhapatnam Cyclone Warning Center,Andhra Pradesh,Visakhapatnam,17.704,83.297,5,Coastal Andhra,"Heavy-Duty Marine Ultrasonic Wind, PT100 RTD, Vaisala Barometer",25.2,97.0,1002.6,2.29,290.0,2.6,0.0,12.32,None,Authentic WMO/IMD Station Observation (IST),
2026-09-22T06:00:00,6,VTZ01,43149,Visakhapatnam Cyclone Warning Center,Andhra Pradesh,Visakhapatnam,17.704,83.297,5,Coastal Andhra,"Heavy-Duty Marine Ultrasonic Wind, PT100 RTD, Vaisala Barometer",25.2,96.0,1002.7,2.69,280.0,2.6,11.8,12.36,None,Authentic WMO/IMD Station Observation (IST),
2026-09-22T07:00:00,7,VTZ01,43149,Visakhapatnam Cyclone Warning Center,Andhra Pradesh,Visakhapatnam,17.704,83.297,5,Coastal Andhra,"Heavy-Duty Marine Ultrasonic Wind, PT100 RTD, Vaisala Barometer",25.4,96.0,1003.5,2.31,288.0,3.3,26.7,12.39,None,Authentic WMO/IMD Station Observation (IST),
2026-09-22T08:00:00,8,VTZ01,43149,Visakhapatnam Cyclone Warning Center,Andhra Pradesh,Visakhapatnam,17.704,83.297,5,Coastal Andhra,"Heavy-Duty Marine Ultrasonic Wind, PT100 RTD, Vaisala Barometer",25.9,96.0,1004.0,1.39,339.0,4.4,32.4,12.39,None,Authentic WMO/IMD Station Observation (IST),
2026-09-22T09:00:00,9,VTZ01,43149,Visakhapatnam Cyclone Warning Center,Andhra Pradesh,Visakhapatnam,17.704,83.297,5,Coastal Andhra,"Heavy-Duty Marine Ultrasonic Wind, PT100 RTD, Vaisala Barometer",25.7,96.0,1003.9,1.73,303.0,7.4,30.1,12.34,None,Authentic WMO/IMD Station Observation (IST),
2026-09-22T10:00:00,10,VTZ01,43149,Visakhapatnam Cyclone Warning Center,Andhra Pradesh,Visakhapatnam,17.704,83.297,5,Coastal Andhra,"Heavy-Duty Marine Ultrasonic Wind, PT100 RTD, Vaisala Barometer",25.8,97.0,1004.3,1.51,214.0,8.7,44.6,12.4,None,Authentic WMO/IMD Station Observation (IST),
2026-09-22T11:15:00,11,VTZ01,43149,Visakhapatnam Cyclone Warning Center,Andhra Pradesh,Visakhapatnam,17.704,83.297,5,Coastal Andhra,"Heavy-Duty Marine Ultrasonic Wind, PT100 RTD, Vaisala Barometer",25.9,97.0,1003.5,2.56,266.0,1.4,72.4,12.54,None,Live Real-Time IMD/AWS Ground Observation (IST),True
2026-09-21T12:00:00,12,TRV01,43371,Thiruvananthapuram Observatory,Kerala,Thiruvananthapuram,8.507,76.955,64,Kerala Coast,"PT100 RTD, Dual Tipping Bucket, Vaisala PTB330",27.2,84.0,1006.5,4.37,303.0,1.0,544.7,13.26,None,Authentic WMO/IMD Station Observation (IST),
2026-09-21T13:00:00,13,TRV01,43371,Thiruvananthapuram Observatory,Kerala,Thiruvananthapuram,8.507,76.955,64,Kerala Coast,"PT100 RTD, Dual Tipping Bucket, Vaisala PTB330",27.6,82.0,1005.2,5.14,298.0,0.9,408.7,13.1,None,Authentic WMO/IMD Station Observation (IST),
2026-09-21T14:00:00,14,TRV01,43371,Thiruvananthapuram Observatory,Kerala,Thiruvananthapuram,8.507,76.955,64,Kerala Coast,"PT100 RTD, Dual Tipping Bucket, Vaisala PTB330",27.7,82.0,1004.4,5.08,294.0,0.9,535.8,13.33,None,Authentic WMO/IMD Station Observation (IST),
2026-09-21T15:00:00,15,TRV01,43371,Thiruvananthapuram Observatory,Kerala,Thiruvananthapuram,8.507,76.955,64,Kerala Coast,"PT100 RTD, Dual Tipping Bucket, Vaisala PTB330",28.0,81.0,1003.7,4.67,289.0,0.3,434.8,13.18,None,Authentic WMO/IMD Station Observation (IST),
2026-09-21T16:00:00,16,TRV01,43371,Thiruvananthapuram Observatory,Kerala,Thiruvananthapuram,8.507,76.955,64,Kerala Coast,"PT100 RTD, Dual Tipping Bucket, Vaisala PTB330",27.4,82.0,1003.5,4.8,292.0,0.1,283.9,12.85,None,Authentic WMO/IMD Station Observation (IST),
2026-09-21T17:00:00,17,TRV01,43371,Thiruvananthapuram Observatory,Kerala,Thiruvananthapuram,8.507,76.955,64,Kerala Coast,"PT100 RTD, Dual Tipping Bucket, Vaisala PTB330",27.8,79.0,1003.8,4.08,289.0,0.1,85.2,12.59,None,Authentic WMO/IMD Station Observation (IST),
2026-09-21T18:00:00,18,TRV01,43371,Thiruvananthapuram Observatory,Kerala,Thiruvananthapuram,8.507,76.955,64,Kerala Coast,"PT100 RTD, Dual Tipping Bucket, Vaisala PTB330",26.6,87.0,1004.8,3.27,295.0,0.2,0.0,12.36,None,Authentic WMO/IMD Station Observation (IST),
2026-09-21T19:00:00,19,TRV01,43371,Thiruvananthapuram Observatory,Kerala,Thiruvananthapuram,8.507,76.955,64,Kerala Coast,"PT100 RTD, Dual Tipping Bucket, Vaisala PTB330",26.4,89.0,1005.7,3.48,305.0,0.2,0.0,12.24,None,Authentic WMO/IMD Station Observation (IST),
2026-09-21T20:00:00,20,TRV01,43371,Thiruvananthapuram Observatory,Kerala,Thiruvananthapuram,8.507,76.955,64,Kerala Coast,"PT100 RTD, Dual Tipping Bucket, Vaisala PTB330",26.2,90.0,1006.2,3.23,321.0,0.1,0.0,12.4,None,Authentic WMO/IMD Station Observation (IST),
2026-09-21T21:00:00,21,TRV01,43371,Thiruvananthapuram Observatory,Kerala,Thiruvananthapuram,8.507,76.955,64,Kerala Coast,"PT100 RTD, Dual Tipping Bucket, Vaisala PTB330",26.2,90.0,1006.9,2.47,324.0,0.0,0.0,12.33,None,Authentic WMO/IMD Station Observation (IST),
2026-09-21T22:00:00,22,TRV01,43371,Thiruvananthapuram Observatory,Kerala,Thiruvananthapuram,8.507,76.955,64,Kerala Coast,"PT100 RTD, Dual Tipping Bucket, Vaisala PTB330",25.9,91.0,1007.4,3.48,321.0,0.1,0.0,12.36,None,Authentic WMO/IMD Station Observation (IST),
2026-09-21T23:00:00,23,TRV01,43371,Thiruvananthapuram Observatory,Kerala,Thiruvananthapuram,8.507,76.955,64,Kerala Coast,"PT100 RTD, Dual Tipping Bucket, Vaisala PTB330",26.4,90.0,1006.5,3.14,338.0,0.4,0.0,12.41,None,Authentic WMO/IMD Station Observation (IST),
2026-09-22T00:00:00,0,TRV01,43371,Thiruvananthapuram Observatory,Kerala,Thiruvananthapuram,8.507,76.955,64,Kerala Coast,"PT100 RTD, Dual Tipping Bucket, Vaisala PTB330",26.0,91.0,1006.2,2.55,313.0,0.0,0.0,12.34,None,Authentic WMO/IMD Station Observation (IST),
2026-09-22T01:00:00,1,TRV01,43371,Thiruvananthapuram Observatory,Kerala,Thiruvananthapuram,8.507,76.955,64,Kerala Coast,"PT100 RTD, Dual Tipping Bucket, Vaisala PTB330",25.3,92.0,1005.6,3.59,305.0,0.8,0.0,12.33,None,Authentic WMO/IMD Station Observation (IST),
2026-09-22T02:00:00,2,TRV01,43371,Thiruvananthapuram Observatory,Kerala,Thiruvananthapuram,8.507,76.955,64,Kerala Coast,"PT100 RTD, Dual Tipping Bucket, Vaisala PTB330",25.2,93.0,1005.1,3.69,320.0,0.4,0.0,12.41,None,Authentic WMO/IMD Station Observation (IST),
2026-09-22T03:00:00,3,TRV01,43371,Thiruvananthapuram Observatory,Kerala,Thiruvananthapuram,8.507,76.955,64,Kerala Coast,"PT100 RTD, Dual Tipping Bucket, Vaisala PTB330",25.1,93.0,1004.5,3.87,306.0,0.2,0.0,12.47,None,Authentic WMO/IMD Station Observation (IST),
2026-09-22T04:00:00,4,TRV01,43371,Thiruvananthapuram Observatory,Kerala,Thiruvananthapuram,8.507,76.955,64,Kerala Coast,"PT100 RTD, Dual Tipping Bucket, Vaisala PTB330",24.8,96.0,1004.9,3.01,302.0,2.1,0.0,12.33,None,Authentic WMO/IMD Station Observation (IST),
2026-09-22T05:00:00,5,TRV01,43371,Thiruvananthapuram Observatory,Kerala,Thiruvananthapuram,8.507,76.955,64,Kerala Coast,"PT100 RTD, Dual Tipping Bucket, Vaisala PTB330",24.9,95.0,1005.2,3.04,316.0,0.2,0.0,12.27,None,Authentic WMO/IMD Station Observation (IST),
2026-09-22T06:00:00,6,TRV01,43371,Thiruvananthapuram Observatory,Kerala,Thiruvananthapuram,8.507,76.955,64,Kerala Coast,"PT100 RTD, Dual Tipping Bucket, Vaisala PTB330",25.0,94.0,1005.6,3.5,312.0,0.1,23.9,12.34,None,Authentic WMO/IMD Station Observation (IST),
2026-09-22T07:00:00,7,TRV01,43371,Thiruvananthapuram Observatory,Kerala,Thiruvananthapuram,8.507,76.955,64,Kerala Coast,"PT100 RTD, Dual Tipping Bucket, Vaisala PTB330",25.6,93.0,1006.5,3.84,309.0,0.1,118.9,12.67,None,Authentic WMO/IMD Station Observation (IST),
2026-09-22T08:00:00,8,TRV01,43371,Thiruvananthapuram Observatory,Kerala,Thiruvananthapuram,8.507,76.955,64,Kerala Coast,"PT100 RTD, Dual Tipping Bucket, Vaisala PTB330",26.5,86.0,1007.1,3.81,300.0,0.3,267.0,12.95,None,Authentic WMO/IMD Station Observation (IST),
2026-09-22T09:00:00,9,TRV01,43371,Thiruvananthapuram Observatory,Kerala,Thiruvananthapuram,8.507,76.955,64,Kerala Coast,"PT100 RTD, Dual Tipping Bucket, Vaisala PTB330",27.8,79.0,1007.5,4.52,293.0,0.2,577.5,13.31,None,Authentic WMO/IMD Station Observation (IST),
2026-09-22T10:00:00,10,TRV01,43371,Thiruvananthapuram Observatory,Kerala,Thiruvananthapuram,8.507,76.955,64,Kerala Coast,"PT100 RTD, Dual Tipping Bucket, Vaisala PTB330",28.2,78.0,1007.3,4.68,290.0,0.4,691.3,13.51,None,Authentic WMO/IMD Station Observation (IST),
2026-09-22T11:15:00,11,TRV01,43371,Thiruvananthapuram Observatory,Kerala,Thiruvananthapuram,8.507,76.955,64,Kerala Coast,"PT100 RTD, Dual Tipping Bucket, Vaisala PTB330",28.5,78.0,1006.9,4.86,287.0,0.1,728.9,13.7,None,Live Real-Time IMD/AWS Ground Observation (IST),True
2026-09-21T12:00:00,12,COK01,43353,Kochi (Willingdon Island Naval AWS),Kerala,Kochi,9.931,76.267,3,Kerala Coast,"Marine PT100, Young Wind Monitor, Texas TR-525 Rain Gauge",26.6,89.0,1010.4,0.46,139.0,1.0,228.0,12.75,None,Authentic WMO/IMD Station Observation (IST),
2026-09-21T13:00:00,13,COK01,43353,Kochi (Willingdon Island Naval AWS),Kerala,Kochi,9.931,76.267,3,Kerala Coast,"Marine PT100, Young Wind Monitor, Texas TR-525 Rain Gauge",27.2,84.0,1009.9,0.93,196.0,0.3,353.1,12.98,None,Authentic WMO/IMD Station Observation (IST),
2026-09-21T14:00:00,14,COK01,43353,Kochi (Willingdon Island Naval AWS),Kerala,Kochi,9.931,76.267,3,Kerala Coast,"Marine PT100, Young Wind Monitor, Texas TR-525 Rain Gauge",27.3,83.0,1009.0,1.84,241.0,0.1,254.4,12.83,None,Authentic WMO/IMD Station Observation (IST),
2026-09-21T15:00:00,15,COK01,43353,Kochi (Willingdon Island Naval AWS),Kerala,Kochi,9.931,76.267,3,Kerala Coast,"Marine PT100, Young Wind Monitor, Texas TR-525 Rain Gauge",26.9,85.0,1008.2,1.63,227.0,0.1,123.6,12.55,None,Authentic WMO/IMD Station Observation (IST),
2026-09-21T16:00:00,16,COK01,43353,Kochi (Willingdon Island Naval AWS),Kerala,Kochi,9.931,76.267,3,Kerala Coast,"Marine PT100, Young Wind Monitor, Texas TR-525 Rain Gauge",27.0,86.0,1008.0,1.61,196.0,0.1,135.9,12.6,None,Authentic WMO/IMD Station Observation (IST),
2026-09-21T17:00:00,17,COK01,43353,Kochi (Willingdon Island Naval AWS),Kerala,Kochi,9.931,76.267,3,Kerala Coast,"Marine PT100, Young Wind Monitor, Texas TR-525 Rain Gauge",27.8,83.0,1008.0,1.42,219.0,0.1,53.2,12.48,None,Authentic WMO/IMD Station Observation (IST),
2026-09-21T18:00:00,18,COK01,43353,Kochi (Willingdon Island Naval AWS),Kerala,Kochi,9.931,76.267,3,Kerala Coast,"Marine PT100, Young Wind Monitor, Texas TR-525 Rain Gauge",27.3,88.0,1009.0,1.0,180.0,0.0,0.0,12.42,None,Authentic WMO/IMD Station Observation (IST),
2026-09-21T19:00:00,19,COK01,43353,Kochi (Willingdon Island Naval AWS),Kerala,Kochi,9.931,76.267,3,Kerala Coast,"Marine PT100, Young Wind Monitor, Texas TR-525 Rain Gauge",26.4,90.0,1010.0,1.52,261.0,0.6,0.0,12.36,None,Authentic WMO/IMD Station Observation (IST),
2026-09-21T20:00:00,20,COK01,43353,Kochi (Willingdon Island Naval AWS),Kerala,Kochi,9.931,76.267,3,Kerala Coast,"Marine PT100, Young Wind Monitor, Texas TR-525 Rain Gauge",26.8,89.0,1010.5,0.6,265.0,0.5,0.0,12.32,None,Authentic WMO/IMD Station Observation (IST),
2026-09-21T21:00:00,21,COK01,43353,Kochi (Willingdon Island Naval AWS),Kerala,Kochi,9.931,76.267,3,Kerala Coast,"Marine PT100, Young Wind Monitor, Texas TR-525 Rain Gauge",27.1,87.0,1011.3,0.43,306.0,0.0,0.0,12.39,None,Authentic WMO/IMD Station Observation (IST),
2026-09-21T22:00:00,22,COK01,43353,Kochi (Willingdon Island Naval AWS),Kerala,Kochi,9.931,76.267,3,Kerala Coast,"Marine PT100, Young Wind Monitor, Texas TR-525 Rain Gauge",25.9,92.0,1011.8,1.25,92.0,2.2,0.0,12.33,None,Authentic WMO/IMD Station Observation (IST),
2026-09-21T23:00:00,23,COK01,43353,Kochi (Willingdon Island Naval AWS),Kerala,Kochi,9.931,76.267,3,Kerala Coast,"Marine PT100, Young Wind Monitor, Texas TR-525 Rain Gauge",26.4,93.0,1011.3,1.95,116.0,1.6,0.0,12.42,None,Authentic WMO/IMD Station Observation (IST),
2026-09-22T00:00:00,0,COK01,43353,Kochi (Willingdon Island Naval AWS),Kerala,Kochi,9.931,76.267,3,Kerala Coast,"Marine PT100, Young Wind Monitor, Texas TR-525 Rain Gauge",25.1,95.0,1011.4,1.82,148.0,4.3,0.0,12.45,None,Authentic WMO/IMD Station Observation (IST),
2026-09-22T01:00:00,1,COK01,43353,Kochi (Willingdon Island Naval AWS),Kerala,Kochi,9.931,76.267,3,Kerala Coast,"Marine PT100, Young Wind Monitor, Texas TR-525 Rain Gauge",25.1,95.0,1010.5,0.59,70.0,1.3,0.0,12.34,None,Authentic WMO/IMD Station Observation (IST),
2026-09-22T02:00:00,2,COK01,43353,Kochi (Willingdon Island Naval AWS),Kerala,Kochi,9.931,76.267,3,Kerala Coast,"Marine PT100, Young Wind Monitor, Texas TR-525 Rain Gauge",24.9,96.0,1009.6,1.46,74.0,0.6,0.0,12.39,None,Authentic WMO/IMD Station Observation (IST),
2026-09-22T03:00:00,3,COK01,43353,Kochi (Willingdon Island Naval AWS),Kerala,Kochi,9.931,76.267,3,Kerala Coast,"Marine PT100, Young Wind Monitor, Texas TR-525 Rain Gauge",25.1,95.0,1009.1,0.4,120.0,0.2,0.0,12.4,None,Authentic WMO/IMD Station Observation (IST),
2026-09-22T04:00:00,4,COK01,43353,Kochi (Willingdon Island Naval AWS),Kerala,Kochi,9.931,76.267,3,Kerala Coast,"Marine PT100, Young Wind Monitor, Texas TR-525 Rain Gauge",25.1,96.0,1009.1,1.17,133.0,0.2,0.0,12.29,None,Authentic WMO/IMD Station Observation (IST),
2026-09-22T05:00:00,5,COK01,43353,Kochi (Willingdon Island Naval AWS),Kerala,Kochi,9.931,76.267,3,Kerala Coast,"Marine PT100, Young Wind Monitor, Texas TR-525 Rain Gauge",25.4,94.0,1009.9,0.63,209.0,0.3,0.0,12.3,None,Authentic WMO/IMD Station Observation (IST),
2026-09-22T06:00:00,6,COK01,43353,Kochi (Willingdon Island Naval AWS),Kerala,Kochi,9.931,76.267,3,Kerala Coast,"Marine PT100, Young Wind Monitor, Texas TR-525 Rain Gauge",25.7,93.0,1010.1,0.16,288.0,0.0,19.1,12.29,None,Authentic WMO/IMD Station Observation (IST),
2026-09-22T07:00:00,7,COK01,43353,Kochi (Willingdon Island Naval AWS),Kerala,Kochi,9.931,76.267,3,Kerala Coast,"Marine PT100, Young Wind Monitor, Texas TR-525 Rain Gauge",26.1,92.0,1011.1,0.47,32.0,0.0,160.7,12.74,None,Authentic WMO/IMD Station Observation (IST),
2026-09-22T08:00:00,8,COK01,43353,Kochi (Willingdon Island Naval AWS),Kerala,Kochi,9.931,76.267,3,Kerala Coast,"Marine PT100, Young Wind Monitor, Texas TR-525 Rain Gauge",26.6,91.0,1011.8,0.55,355.0,0.2,282.6,12.85,None,Authentic WMO/IMD Station Observation (IST),
2026-09-22T09:00:00,9,COK01,43353,Kochi (Willingdon Island Naval AWS),Kerala,Kochi,9.931,76.267,3,Kerala Coast,"Marine PT100, Young Wind Monitor, Texas TR-525 Rain Gauge",27.8,84.0,1012.0,1.5,296.0,0.2,466.8,13.24,None,Authentic WMO/IMD Station Observation (IST),
2026-09-22T10:00:00,10,COK01,43353,Kochi (Willingdon Island Naval AWS),Kerala,Kochi,9.931,76.267,3,Kerala Coast,"Marine PT100, Young Wind Monitor, Texas TR-525 Rain Gauge",28.5,79.0,1011.8,2.31,292.0,0.0,660.1,13.55,None,Authentic WMO/IMD Station Observation (IST),
2026-09-22T11:15:00,11,COK01,43353,Kochi (Willingdon Island Naval AWS),Kerala,Kochi,9.931,76.267,3,Kerala Coast,"Marine PT100, Young Wind Monitor, Texas TR-525 Rain Gauge",28.9,77.0,1011.5,2.36,283.0,0.0,841.3,13.77,None,Live Real-Time IMD/AWS Ground Observation (IST),True
2026-09-21T12:00:00,12,CCU01,42809,Kolkata (Alipore Regional Met),West Bengal,Kolkata,22.527,88.326,6,Gangetic West Bengal,"PT100 RTD, Vaisala PTB210 Barometer, Hukseflux SR05 Pyranometer",33.3,61.0,1006.0,2.55,55.0,0.0,750.4,13.73,None,Authentic WMO/IMD Station Observation (IST),
2026-09-21T13:00:00,13,CCU01,42809,Kolkata (Alipore Regional Met),West Bengal,Kolkata,22.527,88.326,6,Gangetic West Bengal,"PT100 RTD, Vaisala PTB210 Barometer, Hukseflux SR05 Pyranometer",32.8,63.0,1005.2,2.55,64.0,0.3,626.2,13.52,None,Authentic WMO/IMD Station Observation (IST),
2026-09-21T14:00:00,14,CCU01,42809,Kolkata (Alipore Regional Met),West Bengal,Kolkata,22.527,88.326,6,Gangetic West Bengal,"PT100 RTD, Vaisala PTB210 Barometer, Hukseflux SR05 Pyranometer",30.5,76.0,1004.5,2.73,116.0,0.8,471.3,13.29,None,Authentic WMO/IMD Station Observation (IST),
2026-09-21T15:00:00,15,CCU01,42809,Kolkata (Alipore Regional Met),West Bengal,Kolkata,22.527,88.326,6,Gangetic West Bengal,"PT100 RTD, Vaisala PTB210 Barometer, Hukseflux SR05 Pyranometer",28.8,85.0,1004.1,1.63,117.0,1.2,245.8,12.83,None,Authentic WMO/IMD Station Observation (IST),
2026-09-21T16:00:00,16,CCU01,42809,Kolkata (Alipore Regional Met),West Bengal,Kolkata,22.527,88.326,6,Gangetic West Bengal,"PT100 RTD, Vaisala PTB210 Barometer, Hukseflux SR05 Pyranometer",28.9,85.0,1004.5,0.61,81.0,0.1,100.2,12.62,None,Authentic WMO/IMD Station Observation (IST),
2026-09-21T17:00:00,17,CCU01,42809,Kolkata (Alipore Regional Met),West Bengal,Kolkata,22.527,88.326,6,Gangetic West Bengal,"PT100 RTD, Vaisala PTB210 Barometer, Hukseflux SR05 Pyranometer",31.5,72.0,1004.3,2.15,89.0,0.0,1.1,12.41,None,Authentic WMO/IMD Station Observation (IST),
2026-09-21T18:00:00,18,CCU01,42809,Kolkata (Alipore Regional Met),West Bengal,Kolkata,22.527,88.326,6,Gangetic West Bengal,"PT100 RTD, Vaisala PTB210 Barometer, Hukseflux SR05 Pyranometer",29.6,80.0,1005.3,2.04,126.0,0.2,0.0,12.4,None,Authentic WMO/IMD Station Observation (IST),
2026-09-21T19:00:00,19,CCU01,42809,Kolkata (Alipore Regional Met),West Bengal,Kolkata,22.527,88.326,6,Gangetic West Bengal,"PT100 RTD, Vaisala PTB210 Barometer, Hukseflux SR05 Pyranometer",29.2,81.0,1006.3,1.66,115.0,0.0,0.0,12.28,None,Authentic WMO/IMD Station Observation (IST),
2026-09-21T20:00:00,20,CCU01,42809,Kolkata (Alipore Regional Met),West Bengal,Kolkata,22.527,88.326,6,Gangetic West Bengal,"PT100 RTD, Vaisala PTB210 Barometer, Hukseflux SR05 Pyranometer",29.0,80.0,1007.0,2.16,124.0,0.1,0.0,12.33,None,Authentic WMO/IMD Station Observation (IST),
2026-09-21T21:00:00,21,CCU01,42809,Kolkata (Alipore Regional Met),West Bengal,Kolkata,22.527,88.326,6,Gangetic West Bengal,"PT100 RTD, Vaisala PTB210 Barometer, Hukseflux SR05 Pyranometer",28.5,81.0,1007.3,1.98,133.0,0.0,0.0,12.33,None,Authentic WMO/IMD Station Observation (IST),
2026-09-21T22:00:00,22,CCU01,42809,Kolkata (Alipore Regional Met),West Bengal,Kolkata,22.527,88.326,6,Gangetic West Bengal,"PT100 RTD, Vaisala PTB210 Barometer, Hukseflux SR05 Pyranometer",28.0,82.0,1007.0,1.85,128.0,0.0,0.0,12.38,None,Authentic WMO/IMD Station Observation (IST),
2026-09-21T23:00:00,23,CCU01,42809,Kolkata (Alipore Regional Met),West Bengal,Kolkata,22.527,88.326,6,Gangetic West Bengal,"PT100 RTD, Vaisala PTB210 Barometer, Hukseflux SR05 Pyranometer",28.9,83.0,1006.6,2.02,134.0,0.0,0.0,12.39,None,Authentic WMO/IMD Station Observation (IST),
2026-09-22T00:00:00,0,CCU01,42809,Kolkata (Alipore Regional Met),West Bengal,Kolkata,22.527,88.326,6,Gangetic West Bengal,"PT100 RTD, Vaisala PTB210 Barometer, Hukseflux SR05 Pyranometer",28.2,85.0,1005.4,1.71,111.0,0.0,0.0,12.27,None,Authentic WMO/IMD Station Observation (IST),
2026-09-22T01:00:00,1,CCU01,42809,Kolkata (Alipore Regional Met),West Bengal,Kolkata,22.527,88.326,6,Gangetic West Bengal,"PT100 RTD, Vaisala PTB210 Barometer, Hukseflux SR05 Pyranometer",27.8,86.0,1005.4,1.5,111.0,0.1,0.0,12.37,None,Authentic WMO/IMD Station Observation (IST),
2026-09-22T02:00:00,2,CCU01,42809,Kolkata (Alipore Regional Met),West Bengal,Kolkata,22.527,88.326,6,Gangetic West Bengal,"PT100 RTD, Vaisala PTB210 Barometer, Hukseflux SR05 Pyranometer",27.4,87.0,1005.0,1.6,94.0,0.1,0.0,12.38,None,Authentic WMO/IMD Station Observation (IST),
2026-09-22T03:00:00,3,CCU01,42809,Kolkata (Alipore Regional Met),West Bengal,Kolkata,22.527,88.326,6,Gangetic West Bengal,"PT100 RTD, Vaisala PTB210 Barometer, Hukseflux SR05 Pyranometer",27.2,87.0,1005.1,1.87,74.0,0.1,0.0,12.32,None,Authentic WMO/IMD Station Observation (IST),
2026-09-22T04:00:00,4,CCU01,42809,Kolkata (Alipore Regional Met),West Bengal,Kolkata,22.527,88.326,6,Gangetic West Bengal,"PT100 RTD, Vaisala PTB210 Barometer, Hukseflux SR05 Pyranometer",26.5,89.0,1005.4,1.59,66.0,1.1,0.0,12.43,None,Authentic WMO/IMD Station Observation (IST),
2026-09-22T05:00:00,5,CCU01,42809,Kolkata (Alipore Regional Met),West Bengal,Kolkata,22.527,88.326,6,Gangetic West Bengal,"PT100 RTD, Vaisala PTB210 Barometer, Hukseflux SR05 Pyranometer",26.6,92.0,1005.7,2.66,94.0,0.2,0.0,12.34,None,Authentic WMO/IMD Station Observation (IST),
2026-09-22T06:00:00,6,CCU01,42809,Kolkata (Alipore Regional Met),West Bengal,Kolkata,22.527,88.326,6,Gangetic West Bengal,"PT100 RTD, Vaisala PTB210 Barometer, Hukseflux SR05 Pyranometer",25.9,93.0,1006.6,3.53,106.0,0.6,90.0,12.5,None,Authentic WMO/IMD Station Observation (IST),
2026-09-22T07:00:00,7,CCU01,42809,Kolkata (Alipore Regional Met),West Bengal,Kolkata,22.527,88.326,6,Gangetic West Bengal,"PT100 RTD, Vaisala PTB210 Barometer, Hukseflux SR05 Pyranometer",25.5,96.0,1007.2,1.11,98.0,7.5,151.6,12.64,None,Authentic WMO/IMD Station Observation (IST),
2026-09-22T08:00:00,8,CCU01,42809,Kolkata (Alipore Regional Met),West Bengal,Kolkata,22.527,88.326,6,Gangetic West Bengal,"PT100 RTD, Vaisala PTB210 Barometer, Hukseflux SR05 Pyranometer",28.0,85.0,1006.7,2.61,86.0,0.0,386.3,13.03,None,Authentic WMO/IMD Station Observation (IST),
2026-09-22T09:00:00,9,CCU01,42809,Kolkata (Alipore Regional Met),West Bengal,Kolkata,22.527,88.326,6,Gangetic West Bengal,"PT100 RTD, Vaisala PTB210 Barometer, Hukseflux SR05 Pyranometer",30.0,76.0,1006.7,3.55,92.0,0.0,577.7,13.43,None,Authentic WMO/IMD Station Observation (IST),
2026-09-22T10:00:00,10,CCU01,42809,Kolkata (Alipore Regional Met),West Bengal,Kolkata,22.527,88.326,6,Gangetic West Bengal,"PT100 RTD, Vaisala PTB210 Barometer, Hukseflux SR05 Pyranometer",31.3,73.0,1006.4,3.4,91.0,0.0,792.4,13.83,None,Authentic WMO/IMD Station Observation (IST),
2026-09-22T11:15:00,11,CCU01,42809,Kolkata (Alipore Regional Met),West Bengal,Kolkata,22.527,88.326,6,Gangetic West Bengal,"PT100 RTD, Vaisala PTB210 Barometer, Hukseflux SR05 Pyranometer",31.1,74.0,1005.9,3.66,93.0,0.1,807.3,13.77,None,Live Real-Time IMD/AWS Ground Observation (IST),True
2026-09-21T12:00:00,12,BBI01,42971,Bhubaneswar Airport AWS,Odisha,Bhubaneswar,20.252,85.817,45,Odisha Coastal Plains,"PT100 RTD, Campbell CS215, Texas TR-525 Rain Gauge",27.9,88.0,1001.3,3.39,31.0,0.4,309.6,12.97,None,Authentic WMO/IMD Station Observation (IST),
2026-09-21T13:00:00,13,BBI01,42971,Bhubaneswar Airport AWS,Odisha,Bhubaneswar,20.252,85.817,45,Odisha Coastal Plains,"PT100 RTD, Campbell CS215, Texas TR-525 Rain Gauge",28.3,86.0,1000.3,4.17,30.0,0.2,376.8,13.03,None,Authentic WMO/IMD Station Observation (IST),
2026-09-21T14:00:00,14,BBI01,42971,Bhubaneswar Airport AWS,Odisha,Bhubaneswar,20.252,85.817,45,Odisha Coastal Plains,"PT100 RTD, Campbell CS215, Texas TR-525 Rain Gauge",29.0,83.0,999.1,3.54,36.0,0.3,384.6,13.12,None,Authentic WMO/IMD Station Observation (IST),
2026-09-21T15:00:00,15,BBI01,42971,Bhubaneswar Airport AWS,Odisha,Bhubaneswar,20.252,85.817,45,Odisha Coastal Plains,"PT100 RTD, Campbell CS215, Texas TR-525 Rain Gauge",26.4,94.0,999.3,4.0,58.0,5.1,154.4,12.7,None,Authentic WMO/IMD Station Observation (IST),
2026-09-21T16:00:00,16,BBI01,42971,Bhubaneswar Airport AWS,Odisha,Bhubaneswar,20.252,85.817,45,Odisha Coastal Plains,"PT100 RTD, Campbell CS215, Texas TR-525 Rain Gauge",26.0,95.0,999.4,3.81,38.0,1.8,22.9,12.34,None,Authentic WMO/IMD Station Observation (IST),
2026-09-21T17:00:00,17,BBI01,42971,Bhubaneswar Airport AWS,Odisha,Bhubaneswar,20.252,85.817,45,Odisha Coastal Plains,"PT100 RTD, Campbell CS215, Texas TR-525 Rain Gauge",28.0,86.0,999.1,4.36,48.0,0.8,10.0,12.3,None,Authentic WMO/IMD Station Observation (IST),
2026-09-21T18:00:00,18,BBI01,42971,Bhubaneswar Airport AWS,Odisha,Bhubaneswar,20.252,85.817,45,Odisha Coastal Plains,"PT100 RTD, Campbell CS215, Texas TR-525 Rain Gauge",27.7,85.0,999.6,4.14,45.0,0.0,0.0,12.29,None,Authentic WMO/IMD Station Observation (IST),
2026-09-21T19:00:00,19,BBI01,42971,Bhubaneswar Airport AWS,Odisha,Bhubaneswar,20.252,85.817,45,Odisha Coastal Plains,"PT100 RTD, Campbell CS215, Texas TR-525 Rain Gauge",27.8,83.0,1000.7,4.17,46.0,0.0,0.0,12.37,None,Authentic WMO/IMD Station Observation (IST),
2026-09-21T20:00:00,20,BBI01,42971,Bhubaneswar Airport AWS,Odisha,Bhubaneswar,20.252,85.817,45,Odisha Coastal Plains,"PT100 RTD, Campbell CS215, Texas TR-525 Rain Gauge",27.7,83.0,1001.3,4.0,53.0,0.0,0.0,12.42,None,Authentic WMO/IMD Station Observation (IST),
2026-09-21T21:00:00,21,BBI01,42971,Bhubaneswar Airport AWS,Odisha,Bhubaneswar,20.252,85.817,45,Odisha Coastal Plains,"PT100 RTD, Campbell CS215, Texas TR-525 Rain Gauge",25.8,93.0,1001.9,3.92,44.0,2.2,0.0,12.33,None,Authentic WMO/IMD Station Observation (IST),
2026-09-21T22:00:00,22,BBI01,42971,Bhubaneswar Airport AWS,Odisha,Bhubaneswar,20.252,85.817,45,Odisha Coastal Plains,"PT100 RTD, Campbell CS215, Texas TR-525 Rain Gauge",25.8,94.0,1000.9,4.8,34.0,0.8,0.0,12.32,None,Authentic WMO/IMD Station Observation (IST),
2026-09-21T23:00:00,23,BBI01,42971,Bhubaneswar Airport AWS,Odisha,Bhubaneswar,20.252,85.817,45,Odisha Coastal Plains,"PT100 RTD, Campbell CS215, Texas TR-525 Rain Gauge",25.9,95.0,1000.5,3.53,25.0,0.4,0.0,12.33,None,Authentic WMO/IMD Station Observation (IST),
2026-09-22T00:00:00,0,BBI01,42971,Bhubaneswar Airport AWS,Odisha,Bhubaneswar,20.252,85.817,45,Odisha Coastal Plains,"PT100 RTD, Campbell CS215, Texas TR-525 Rain Gauge",25.7,95.0,999.6,3.7,30.0,2.8,0.0,12.38,None,Authentic WMO/IMD Station Observation (IST),
2026-09-22T01:00:00,1,BBI01,42971,Bhubaneswar Airport AWS,Odisha,Bhubaneswar,20.252,85.817,45,Odisha Coastal Plains,"PT100 RTD, Campbell CS215, Texas TR-525 Rain Gauge",25.4,96.0,999.1,4.86,37.0,1.3,0.0,12.44,None,Authentic WMO/IMD Station Observation (IST),
2026-09-22T02:00:00,2,BBI01,42971,Bhubaneswar Airport AWS,Odisha,Bhubaneswar,20.252,85.817,45,Odisha Coastal Plains,"PT100 RTD, Campbell CS215, Texas TR-525 Rain Gauge",25.4,96.0,998.4,4.92,43.0,1.6,0.0,12.37,None,Authentic WMO/IMD Station Observation (IST),
2026-09-22T03:00:00,3,BBI01,42971,Bhubaneswar Airport AWS,Odisha,Bhubaneswar,20.252,85.817,45,Odisha Coastal Plains,"PT100 RTD, Campbell CS215, Texas TR-525 Rain Gauge",25.3,96.0,998.3,4.81,44.0,0.4,0.0,12.41,None,Authentic WMO/IMD Station Observation (IST),
2026-09-22T04:00:00,4,BBI01,42971,Bhubaneswar Airport AWS,Odisha,Bhubaneswar,20.252,85.817,45,Odisha Coastal Plains,"PT100 RTD, Campbell CS215, Texas TR-525 Rain Gauge",25.3,96.0,997.9,4.95,38.0,0.5,0.0,12.46,None,Authentic WMO/IMD Station Observation (IST),
2026-09-22T05:00:00,5,BBI01,42971,Bhubaneswar Airport AWS,Odisha,Bhubaneswar,20.252,85.817,45,Odisha Coastal Plains,"PT100 RTD, Campbell CS215, Texas TR-525 Rain Gauge",24.9,96.0,998.7,5.21,41.0,1.4,0.0,12.3,None,Authentic WMO/IMD Station Observation (IST),
2026-09-22T06:00:00,6,BBI01,42971,Bhubaneswar Airport AWS,Odisha,Bhubaneswar,20.252,85.817,45,Odisha Coastal Plains,"PT100 RTD, Campbell CS215, Texas TR-525 Rain Gauge",25.1,96.0,999.2,5.2,45.0,0.6,37.5,12.39,None,Authentic WMO/IMD Station Observation (IST),
2026-09-22T07:00:00,7,BBI01,42971,Bhubaneswar Airport AWS,Odisha,Bhubaneswar,20.252,85.817,45,Odisha Coastal Plains,"PT100 RTD, Campbell CS215, Texas TR-525 Rain Gauge",25.8,95.0,999.8,5.73,38.0,0.7,116.0,12.6,None,Authentic WMO/IMD Station Observation (IST),
2026-09-22T08:00:00,8,BBI01,42971,Bhubaneswar Airport AWS,Odisha,Bhubaneswar,20.252,85.817,45,Odisha Coastal Plains,"PT100 RTD, Campbell CS215, Texas TR-525 Rain Gauge",26.3,94.0,1000.7,5.29,39.0,0.5,218.2,12.77,None,Authentic WMO/IMD Station Observation (IST),
2026-09-22T09:00:00,9,BBI01,42971,Bhubaneswar Airport AWS,Odisha,Bhubaneswar,20.252,85.817,45,Odisha Coastal Plains,"PT100 RTD, Campbell CS215, Texas TR-525 Rain Gauge",26.6,90.0,999.5,6.34,41.0,0.7,271.4,12.93,None,Authentic WMO/IMD Station Observation (IST),
2026-09-22T10:00:00,10,BBI01,42971,Bhubaneswar Airport AWS,Odisha,Bhubaneswar,20.252,85.817,45,Odisha Coastal Plains,"PT100 RTD, Campbell CS215, Texas TR-525 Rain Gauge",28.1,86.0,999.7,5.4,50.0,0.6,597.0,13.52,None,Authentic WMO/IMD Station Observation (IST),
2026-09-22T11:15:00,11,BBI01,42971,Bhubaneswar Airport AWS,Odisha,Bhubaneswar,20.252,85.817,45,Odisha Coastal Plains,"PT100 RTD, Campbell CS215, Texas TR-525 Rain Gauge",27.1,88.0,999.3,6.59,68.0,0.5,514.2,13.29,None,Live Real-Time IMD/AWS Ground Observation (IST),True
2026-09-21T12:00:00,12,IXR01,42701,Ranchi (Birsa Munda Airport),Jharkhand,Ranchi,23.314,85.321,652,Chhota Nagpur Plateau,"PT100 RTD, Vaisala PTB210, Rotronic HC2A",26.1,79.0,939.0,2.97,117.0,0.7,597.4,13.42,None,Authentic WMO/IMD Station Observation (IST),
2026-09-21T13:00:00,13,IXR01,42701,Ranchi (Birsa Munda Airport),Jharkhand,Ranchi,23.314,85.321,652,Chhota Nagpur Plateau,"PT100 RTD, Vaisala PTB210, Rotronic HC2A",27.5,74.0,938.1,2.83,138.0,0.2,640.1,13.57,None,Authentic WMO/IMD Station Observation (IST),
2026-09-21T14:00:00,14,IXR01,42701,Ranchi (Birsa Munda Airport),Jharkhand,Ranchi,23.314,85.321,652,Chhota Nagpur Plateau,"PT100 RTD, Vaisala PTB210, Rotronic HC2A",24.2,93.0,936.9,2.95,105.0,1.6,333.9,13.0,None,Authentic WMO/IMD Station Observation (IST),
2026-09-21T15:00:00,15,IXR01,42701,Ranchi (Birsa Munda Airport),Jharkhand,Ranchi,23.314,85.321,652,Chhota Nagpur Plateau,"PT100 RTD, Vaisala PTB210, Rotronic HC2A",25.0,93.0,936.7,1.55,90.0,0.5,289.7,12.83,None,Authentic WMO/IMD Station Observation (IST),
2026-09-21T16:00:00,16,IXR01,42701,Ranchi (Birsa Munda Airport),Jharkhand,Ranchi,23.314,85.321,652,Chhota Nagpur Plateau,"PT100 RTD, Vaisala PTB210, Rotronic HC2A",25.2,89.0,937.2,1.87,110.0,0.1,178.5,12.73,None,Authentic WMO/IMD Station Observation (IST),
2026-09-21T17:00:00,17,IXR01,42701,Ranchi (Birsa Munda Airport),Jharkhand,Ranchi,23.314,85.321,652,Chhota Nagpur Plateau,"PT100 RTD, Vaisala PTB210, Rotronic HC2A",23.8,95.0,936.8,2.15,115.0,0.1,19.2,12.37,None,Authentic WMO/IMD Station Observation (IST),
2026-09-21T18:00:00,18,IXR01,42701,Ranchi (Birsa Munda Airport),Jharkhand,Ranchi,23.314,85.321,652,Chhota Nagpur Plateau,"PT100 RTD, Vaisala PTB210, Rotronic HC2A",23.5,96.0,937.0,0.32,39.0,0.1,0.0,12.33,None,Authentic WMO/IMD Station Observation (IST),
2026-09-21T19:00:00,19,IXR01,42701,Ranchi (Birsa Munda Airport),Jharkhand,Ranchi,23.314,85.321,652,Chhota Nagpur Plateau,"PT100 RTD, Vaisala PTB210, Rotronic HC2A",23.5,95.0,938.2,0.63,29.0,0.0,0.0,12.33,None,Authentic WMO/IMD Station Observation (IST),
2026-09-21T20:00:00,20,IXR01,42701,Ranchi (Birsa Munda Airport),Jharkhand,Ranchi,23.314,85.321,652,Chhota Nagpur Plateau,"PT100 RTD, Vaisala PTB210, Rotronic HC2A",23.4,94.0,938.9,0.99,30.0,0.0,0.0,12.37,None,Authentic WMO/IMD Station Observation (IST),
2026-09-21T21:00:00,21,IXR01,42701,Ranchi (Birsa Munda Airport),Jharkhand,Ranchi,23.314,85.321,652,Chhota Nagpur Plateau,"PT100 RTD, Vaisala PTB210, Rotronic HC2A",23.4,93.0,939.2,1.31,47.0,0.0,0.0,12.36,None,Authentic WMO/IMD Station Observation (IST),
2026-09-21T22:00:00,22,IXR01,42701,Ranchi (Birsa Munda Airport),Jharkhand,Ranchi,23.314,85.321,652,Chhota Nagpur Plateau,"PT100 RTD, Vaisala PTB210, Rotronic HC2A",23.2,93.0,938.6,1.89,53.0,0.0,0.0,12.44,None,Authentic WMO/IMD Station Observation (IST),
2026-09-21T23:00:00,23,IXR01,42701,Ranchi (Birsa Munda Airport),Jharkhand,Ranchi,23.314,85.321,652,Chhota Nagpur Plateau,"PT100 RTD, Vaisala PTB210, Rotronic HC2A",23.4,94.0,938.5,2.12,56.0,0.0,0.0,12.31,None,Authentic WMO/IMD Station Observation (IST),
2026-09-22T00:00:00,0,IXR01,42701,Ranchi (Birsa Munda Airport),Jharkhand,Ranchi,23.314,85.321,652,Chhota Nagpur Plateau,"PT100 RTD, Vaisala PTB210, Rotronic HC2A",23.0,96.0,937.4,2.14,16.0,0.0,0.0,12.34,None,Authentic WMO/IMD Station Observation (IST),
2026-09-22T01:00:00,1,IXR01,42701,Ranchi (Birsa Munda Airport),Jharkhand,Ranchi,23.314,85.321,652,Chhota Nagpur Plateau,"PT100 RTD, Vaisala PTB210, Rotronic HC2A",22.9,96.0,937.1,2.78,23.0,0.0,0.0,12.3,None,Authentic WMO/IMD Station Observation (IST),
2026-09-22T02:00:00,2,IXR01,42701,Ranchi (Birsa Munda Airport),Jharkhand,Ranchi,23.314,85.321,652,Chhota Nagpur Plateau,"PT100 RTD, Vaisala PTB210, Rotronic HC2A",22.9,96.0,936.6,2.62,50.0,0.1,0.0,12.33,None,Authentic WMO/IMD Station Observation (IST),
2026-09-22T03:00:00,3,IXR01,42701,Ranchi (Birsa Munda Airport),Jharkhand,Ranchi,23.314,85.321,652,Chhota Nagpur Plateau,"PT100 RTD, Vaisala PTB210, Rotronic HC2A",22.5,99.0,936.9,3.18,68.0,0.3,0.0,12.39,None,Authentic WMO/IMD Station Observation (IST),
2026-09-22T04:00:00,4,IXR01,42701,Ranchi (Birsa Munda Airport),Jharkhand,Ranchi,23.314,85.321,652,Chhota Nagpur Plateau,"PT100 RTD, Vaisala PTB210, Rotronic HC2A",22.4,99.0,936.6,2.93,65.0,0.2,0.0,12.36,None,Authentic WMO/IMD Station Observation (IST),
2026-09-22T05:00:00,5,IXR01,42701,Ranchi (Birsa Munda Airport),Jharkhand,Ranchi,23.314,85.321,652,Chhota Nagpur Plateau,"PT100 RTD, Vaisala PTB210, Rotronic HC2A",22.1,98.0,936.9,2.82,63.0,0.8,0.0,12.37,None,Authentic WMO/IMD Station Observation (IST),
2026-09-22T06:00:00,6,IXR01,42701,Ranchi (Birsa Munda Airport),Jharkhand,Ranchi,23.314,85.321,652,Chhota Nagpur Plateau,"PT100 RTD, Vaisala PTB210, Rotronic HC2A",22.7,98.0,937.4,3.23,68.0,0.1,83.2,12.58,None,Authentic WMO/IMD Station Observation (IST),
2026-09-22T07:00:00,7,IXR01,42701,Ranchi (Birsa Munda Airport),Jharkhand,Ranchi,23.314,85.321,652,Chhota Nagpur Plateau,"PT100 RTD, Vaisala PTB210, Rotronic HC2A",24.2,93.0,938.5,3.94,64.0,0.1,252.9,12.88,None,Authentic WMO/IMD Station Observation (IST),
2026-09-22T08:00:00,8,IXR01,42701,Ranchi (Birsa Munda Airport),Jharkhand,Ranchi,23.314,85.321,652,Chhota Nagpur Plateau,"PT100 RTD, Vaisala PTB210, Rotronic HC2A",25.3,88.0,939.1,4.55,67.0,0.1,366.9,12.98,None,Authentic WMO/IMD Station Observation (IST),
2026-09-22T09:00:00,9,IXR01,42701,Ranchi (Birsa Munda Airport),Jharkhand,Ranchi,23.314,85.321,652,Chhota Nagpur Plateau,"PT100 RTD, Vaisala PTB210, Rotronic HC2A",26.8,82.0,939.1,4.61,66.0,0.0,619.1,13.45,None,Authentic WMO/IMD Station Observation (IST),
2026-09-22T10:00:00,10,IXR01,42701,Ranchi (Birsa Munda Airport),Jharkhand,Ranchi,23.314,85.321,652,Chhota Nagpur Plateau,"PT100 RTD, Vaisala PTB210, Rotronic HC2A",27.5,77.0,938.8,4.97,65.0,0.2,718.3,13.64,None,Authentic WMO/IMD Station Observation (IST),
2026-09-22T11:15:00,11,IXR01,42701,Ranchi (Birsa Munda Airport),Jharkhand,Ranchi,23.314,85.321,652,Chhota Nagpur Plateau,"PT100 RTD, Vaisala PTB210, Rotronic HC2A",26.3,80.0,938.1,5.1,69.0,0.2,541.5,13.32,None,Live Real-Time IMD/AWS Ground Observation (IST),True
2026-09-21T12:00:00,12,GAU01,42410,Guwahati Regional Met Center,Assam,Guwahati,26.106,91.585,54,Brahmaputra Valley,"PT100 RTD, Dual Tipping Bucket, Vaisala HMP155",32.9,64.0,1002.4,3.14,68.0,0.0,729.1,13.65,None,Authentic WMO/IMD Station Observation (IST),
2026-09-21T13:00:00,13,GAU01,42410,Guwahati Regional Met Center,Assam,Guwahati,26.106,91.585,54,Brahmaputra Valley,"PT100 RTD, Dual Tipping Bucket, Vaisala HMP155",33.0,63.0,1001.3,2.74,52.0,0.0,651.1,13.56,None,Authentic WMO/IMD Station Observation (IST),
2026-09-21T14:00:00,14,GAU01,42410,Guwahati Regional Met Center,Assam,Guwahati,26.106,91.585,54,Brahmaputra Valley,"PT100 RTD, Dual Tipping Bucket, Vaisala HMP155",31.7,67.0,1000.4,2.59,49.0,0.3,425.2,13.17,None,Authentic WMO/IMD Station Observation (IST),
2026-09-21T15:00:00,15,GAU01,42410,Guwahati Regional Met Center,Assam,Guwahati,26.106,91.585,54,Brahmaputra Valley,"PT100 RTD, Dual Tipping Bucket, Vaisala HMP155",31.4,75.0,1000.3,1.03,129.0,0.2,278.0,12.89,None,Authentic WMO/IMD Station Observation (IST),
2026-09-21T16:00:00,16,GAU01,42410,Guwahati Regional Met Center,Assam,Guwahati,26.106,91.585,54,Brahmaputra Valley,"PT100 RTD, Dual Tipping Bucket, Vaisala HMP155",30.0,82.0,1000.6,2.13,171.0,0.2,100.5,12.51,None,Authentic WMO/IMD Station Observation (IST),
2026-09-21T17:00:00,17,GAU01,42410,Guwahati Regional Met Center,Assam,Guwahati,26.106,91.585,54,Brahmaputra Valley,"PT100 RTD, Dual Tipping Bucket, Vaisala HMP155",30.0,87.0,1001.2,1.2,135.0,0.0,0.0,12.39,None,Authentic WMO/IMD Station Observation (IST),
2026-09-21T18:00:00,18,GAU01,42410,Guwahati Regional Met Center,Assam,Guwahati,26.106,91.585,54,Brahmaputra Valley,"PT100 RTD, Dual Tipping Bucket, Vaisala HMP155",29.4,90.0,1001.7,1.14,151.0,0.1,0.0,12.33,None,Authentic WMO/IMD Station Observation (IST),
2026-09-21T19:00:00,19,GAU01,42410,Guwahati Regional Met Center,Assam,Guwahati,26.106,91.585,54,Brahmaputra Valley,"PT100 RTD, Dual Tipping Bucket, Vaisala HMP155",28.9,87.0,1003.0,1.3,113.0,0.0,0.0,12.34,None,Authentic WMO/IMD Station Observation (IST),
2026-09-21T20:00:00,20,GAU01,42410,Guwahati Regional Met Center,Assam,Guwahati,26.106,91.585,54,Brahmaputra Valley,"PT100 RTD, Dual Tipping Bucket, Vaisala HMP155",28.4,88.0,1003.5,1.0,90.0,0.0,0.0,12.35,None,Authentic WMO/IMD Station Observation (IST),
2026-09-21T21:00:00,21,GAU01,42410,Guwahati Regional Met Center,Assam,Guwahati,26.106,91.585,54,Brahmaputra Valley,"PT100 RTD, Dual Tipping Bucket, Vaisala HMP155",28.0,91.0,1003.8,1.05,93.0,0.0,0.0,12.33,None,Authentic WMO/IMD Station Observation (IST),
2026-09-21T22:00:00,22,GAU01,42410,Guwahati Regional Met Center,Assam,Guwahati,26.106,91.585,54,Brahmaputra Valley,"PT100 RTD, Dual Tipping Bucket, Vaisala HMP155",27.8,92.0,1003.5,1.21,97.0,0.0,0.0,12.28,None,Authentic WMO/IMD Station Observation (IST),
2026-09-21T23:00:00,23,GAU01,42410,Guwahati Regional Met Center,Assam,Guwahati,26.106,91.585,54,Brahmaputra Valley,"PT100 RTD, Dual Tipping Bucket, Vaisala HMP155",28.3,88.0,1002.7,1.6,86.0,0.0,0.0,12.35,None,Authentic WMO/IMD Station Observation (IST),
2026-09-22T00:00:00,0,GAU01,42410,Guwahati Regional Met Center,Assam,Guwahati,26.106,91.585,54,Brahmaputra Valley,"PT100 RTD, Dual Tipping Bucket, Vaisala HMP155",27.8,89.0,1002.3,1.71,69.0,0.0,0.0,12.37,None,Authentic WMO/IMD Station Observation (IST),
2026-09-22T01:00:00,1,GAU01,42410,Guwahati Regional Met Center,Assam,Guwahati,26.106,91.585,54,Brahmaputra Valley,"PT100 RTD, Dual Tipping Bucket, Vaisala HMP155",27.7,89.0,1001.8,1.83,73.0,0.0,0.0,12.38,None,Authentic WMO/IMD Station Observation (IST),
2026-09-22T02:00:00,2,GAU01,42410,Guwahati Regional Met Center,Assam,Guwahati,26.106,91.585,54,Brahmaputra Valley,"PT100 RTD, Dual Tipping Bucket, Vaisala HMP155",27.6,89.0,1001.6,1.73,68.0,0.0,0.0,12.31,None,Authentic WMO/IMD Station Observation (IST),
2026-09-22T03:00:00,3,GAU01,42410,Guwahati Regional Met Center,Assam,Guwahati,26.106,91.585,54,Brahmaputra Valley,"PT100 RTD, Dual Tipping Bucket, Vaisala HMP155",27.4,90.0,1001.5,1.54,61.0,0.0,0.0,12.33,None,Authentic WMO/IMD Station Observation (IST),
2026-09-22T04:00:00,4,GAU01,42410,Guwahati Regional Met Center,Assam,Guwahati,26.106,91.585,54,Brahmaputra Valley,"PT100 RTD, Dual Tipping Bucket, Vaisala HMP155",27.2,92.0,1001.8,1.35,68.0,0.0,0.0,12.24,None,Authentic WMO/IMD Station Observation (IST),
2026-09-22T05:00:00,5,GAU01,42410,Guwahati Regional Met Center,Assam,Guwahati,26.106,91.585,54,Brahmaputra Valley,"PT100 RTD, Dual Tipping Bucket, Vaisala HMP155",27.1,93.0,1002.2,1.14,75.0,0.0,16.9,12.46,None,Authentic WMO/IMD Station Observation (IST),
2026-09-22T06:00:00,6,GAU01,42410,Guwahati Regional Met Center,Assam,Guwahati,26.106,91.585,54,Brahmaputra Valley,"PT100 RTD, Dual Tipping Bucket, Vaisala HMP155",28.3,86.0,1003.1,1.71,69.0,0.0,151.6,12.63,None,Authentic WMO/IMD Station Observation (IST),
2026-09-22T07:00:00,7,GAU01,42410,Guwahati Regional Met Center,Assam,Guwahati,26.106,91.585,54,Brahmaputra Valley,"PT100 RTD, Dual Tipping Bucket, Vaisala HMP155",29.5,82.0,1003.6,1.5,75.0,0.0,349.7,12.99,None,Authentic WMO/IMD Station Observation (IST),
2026-09-22T08:00:00,8,GAU01,42410,Guwahati Regional Met Center,Assam,Guwahati,26.106,91.585,54,Brahmaputra Valley,"PT100 RTD, Dual Tipping Bucket, Vaisala HMP155",30.9,77.0,1003.9,1.66,69.0,0.0,543.9,13.31,None,Authentic WMO/IMD Station Observation (IST),
2026-09-22T09:00:00,9,GAU01,42410,Guwahati Regional Met Center,Assam,Guwahati,26.106,91.585,54,Brahmaputra Valley,"PT100 RTD, Dual Tipping Bucket, Vaisala HMP155",32.2,71.0,1003.5,2.46,61.0,0.0,697.3,13.58,None,Authentic WMO/IMD Station Observation (IST),
2026-09-22T10:00:00,10,GAU01,42410,Guwahati Regional Met Center,Assam,Guwahati,26.106,91.585,54,Brahmaputra Valley,"PT100 RTD, Dual Tipping Bucket, Vaisala HMP155",33.1,64.0,1002.6,3.12,58.0,0.0,772.4,13.69,None,Authentic WMO/IMD Station Observation (IST),
2026-09-22T11:15:00,11,GAU01,42410,Guwahati Regional Met Center,Assam,Guwahati,26.106,91.585,54,Brahmaputra Valley,"PT100 RTD, Dual Tipping Bucket, Vaisala HMP155",33.6,62.0,1001.9,3.02,56.0,0.0,801.7,13.88,None,Live Real-Time IMD/AWS Ground Observation (IST),True
2026-09-21T12:00:00,12,SHL01,42515,Cherrapunji (Sohra Plateau),Meghalaya,Cherrapunji,25.298,91.733,1313,Northeastern Hills,"High-capacity Dual Tipping Bucket, Optical Disdrometer, PT100 RTD",27.0,63.0,892.5,2.06,154.0,0.0,822.8,13.75,None,Authentic WMO/IMD Station Observation (IST),
2026-09-21T13:00:00,13,SHL01,42515,Cherrapunji (Sohra Plateau),Meghalaya,Cherrapunji,25.298,91.733,1313,Northeastern Hills,"High-capacity Dual Tipping Bucket, Optical Disdrometer, PT100 RTD",26.9,63.0,891.3,2.11,158.0,0.1,713.1,13.68,None,Authentic WMO/IMD Station Observation (IST),
2026-09-21T14:00:00,14,SHL01,42515,Cherrapunji (Sohra Plateau),Meghalaya,Cherrapunji,25.298,91.733,1313,Northeastern Hills,"High-capacity Dual Tipping Bucket, Optical Disdrometer, PT100 RTD",26.4,67.0,890.4,2.25,159.0,0.2,489.2,13.27,None,Authentic WMO/IMD Station Observation (IST),
2026-09-21T15:00:00,15,SHL01,42515,Cherrapunji (Sohra Plateau),Meghalaya,Cherrapunji,25.298,91.733,1313,Northeastern Hills,"High-capacity Dual Tipping Bucket, Optical Disdrometer, PT100 RTD",25.4,73.0,890.1,2.45,163.0,0.2,346.6,13.01,None,Authentic WMO/IMD Station Observation (IST),
2026-09-21T16:00:00,16,SHL01,42515,Cherrapunji (Sohra Plateau),Meghalaya,Cherrapunji,25.298,91.733,1313,Northeastern Hills,"High-capacity Dual Tipping Bucket, Optical Disdrometer, PT100 RTD",23.8,85.0,890.0,1.41,174.0,0.1,131.0,12.72,None,Authentic WMO/IMD Station Observation (IST),
2026-09-21T17:00:00,17,SHL01,42515,Cherrapunji (Sohra Plateau),Meghalaya,Cherrapunji,25.298,91.733,1313,Northeastern Hills,"High-capacity Dual Tipping Bucket, Optical Disdrometer, PT100 RTD",22.2,98.0,889.8,1.22,19.0,0.0,0.0,12.31,None,Authentic WMO/IMD Station Observation (IST),
2026-09-21T18:00:00,18,SHL01,42515,Cherrapunji (Sohra Plateau),Meghalaya,Cherrapunji,25.298,91.733,1313,Northeastern Hills,"High-capacity Dual Tipping Bucket, Optical Disdrometer, PT100 RTD",21.7,99.0,890.3,0.55,355.0,0.0,0.0,12.36,None,Authentic WMO/IMD Station Observation (IST),
2026-09-21T19:00:00,19,SHL01,42515,Cherrapunji (Sohra Plateau),Meghalaya,Cherrapunji,25.298,91.733,1313,Northeastern Hills,"High-capacity Dual Tipping Bucket, Optical Disdrometer, PT100 RTD",21.7,95.0,891.4,0.41,14.0,0.0,0.0,12.42,None,Authentic WMO/IMD Station Observation (IST),
2026-09-21T20:00:00,20,SHL01,42515,Cherrapunji (Sohra Plateau),Meghalaya,Cherrapunji,25.298,91.733,1313,Northeastern Hills,"High-capacity Dual Tipping Bucket, Optical Disdrometer, PT100 RTD",21.4,94.0,891.7,1.08,13.0,0.0,0.0,12.32,None,Authentic WMO/IMD Station Observation (IST),
2026-09-21T21:00:00,21,SHL01,42515,Cherrapunji (Sohra Plateau),Meghalaya,Cherrapunji,25.298,91.733,1313,Northeastern Hills,"High-capacity Dual Tipping Bucket, Optical Disdrometer, PT100 RTD",21.1,93.0,891.9,0.96,9.0,0.0,0.0,12.34,None,Authentic WMO/IMD Station Observation (IST),
2026-09-21T22:00:00,22,SHL01,42515,Cherrapunji (Sohra Plateau),Meghalaya,Cherrapunji,25.298,91.733,1313,Northeastern Hills,"High-capacity Dual Tipping Bucket, Optical Disdrometer, PT100 RTD",21.0,91.0,891.6,0.81,11.0,0.0,0.0,12.44,None,Authentic WMO/IMD Station Observation (IST),
2026-09-21T23:00:00,23,SHL01,42515,Cherrapunji (Sohra Plateau),Meghalaya,Cherrapunji,25.298,91.733,1313,Northeastern Hills,"High-capacity Dual Tipping Bucket, Optical Disdrometer, PT100 RTD",21.0,92.0,890.8,0.85,360.0,0.0,0.0,12.4,None,Authentic WMO/IMD Station Observation (IST),
2026-09-22T00:00:00,0,SHL01,42515,Cherrapunji (Sohra Plateau),Meghalaya,Cherrapunji,25.298,91.733,1313,Northeastern Hills,"High-capacity Dual Tipping Bucket, Optical Disdrometer, PT100 RTD",20.1,95.0,890.2,0.91,351.0,0.0,0.0,12.42,None,Authentic WMO/IMD Station Observation (IST),
2026-09-22T01:00:00,1,SHL01,42515,Cherrapunji (Sohra Plateau),Meghalaya,Cherrapunji,25.298,91.733,1313,Northeastern Hills,"High-capacity Dual Tipping Bucket, Optical Disdrometer, PT100 RTD",20.0,94.0,890.0,0.55,355.0,0.0,0.0,12.32,None,Authentic WMO/IMD Station Observation (IST),
2026-09-22T02:00:00,2,SHL01,42515,Cherrapunji (Sohra Plateau),Meghalaya,Cherrapunji,25.298,91.733,1313,Northeastern Hills,"High-capacity Dual Tipping Bucket, Optical Disdrometer, PT100 RTD",20.0,93.0,889.7,0.65,360.0,0.0,0.0,12.38,None,Authentic WMO/IMD Station Observation (IST),
2026-09-22T03:00:00,3,SHL01,42515,Cherrapunji (Sohra Plateau),Meghalaya,Cherrapunji,25.298,91.733,1313,Northeastern Hills,"High-capacity Dual Tipping Bucket, Optical Disdrometer, PT100 RTD",19.7,93.0,889.4,0.95,360.0,0.0,0.0,12.34,None,Authentic WMO/IMD Station Observation (IST),
2026-09-22T04:00:00,4,SHL01,42515,Cherrapunji (Sohra Plateau),Meghalaya,Cherrapunji,25.298,91.733,1313,Northeastern Hills,"High-capacity Dual Tipping Bucket, Optical Disdrometer, PT100 RTD",19.8,92.0,889.6,0.95,3.0,0.0,0.0,12.33,None,Authentic WMO/IMD Station Observation (IST),
2026-09-22T05:00:00,5,SHL01,42515,Cherrapunji (Sohra Plateau),Meghalaya,Cherrapunji,25.298,91.733,1313,Northeastern Hills,"High-capacity Dual Tipping Bucket, Optical Disdrometer, PT100 RTD",20.1,91.0,890.0,0.91,9.0,0.0,24.3,12.32,None,Authentic WMO/IMD Station Observation (IST),
2026-09-22T06:00:00,6,SHL01,42515,Cherrapunji (Sohra Plateau),Meghalaya,Cherrapunji,25.298,91.733,1313,Northeastern Hills,"High-capacity Dual Tipping Bucket, Optical Disdrometer, PT100 RTD",22.6,87.0,891.7,1.13,41.0,0.0,187.1,12.66,None,Authentic WMO/IMD Station Observation (IST),
2026-09-22T07:00:00,7,SHL01,42515,Cherrapunji (Sohra Plateau),Meghalaya,Cherrapunji,25.298,91.733,1313,Northeastern Hills,"High-capacity Dual Tipping Bucket, Optical Disdrometer, PT100 RTD",23.7,83.0,892.6,1.25,119.0,0.0,412.2,13.05,None,Authentic WMO/IMD Station Observation (IST),
2026-09-22T08:00:00,8,SHL01,42515,Cherrapunji (Sohra Plateau),Meghalaya,Cherrapunji,25.298,91.733,1313,Northeastern Hills,"High-capacity Dual Tipping Bucket, Optical Disdrometer, PT100 RTD",24.7,75.0,893.0,1.84,133.0,0.1,617.8,13.52,None,Authentic WMO/IMD Station Observation (IST),
2026-09-22T09:00:00,9,SHL01,42515,Cherrapunji (Sohra Plateau),Meghalaya,Cherrapunji,25.298,91.733,1313,Northeastern Hills,"High-capacity Dual Tipping Bucket, Optical Disdrometer, PT100 RTD",25.4,71.0,893.0,2.23,134.0,0.2,742.4,13.73,None,Authentic WMO/IMD Station Observation (IST),
2026-09-22T10:00:00,10,SHL01,42515,Cherrapunji (Sohra Plateau),Meghalaya,Cherrapunji,25.298,91.733,1313,Northeastern Hills,"High-capacity Dual Tipping Bucket, Optical Disdrometer, PT100 RTD",26.0,70.0,892.6,2.23,146.0,0.2,824.0,13.75,None,Authentic WMO/IMD Station Observation (IST),
2026-09-22T11:15:00,11,SHL01,42515,Cherrapunji (Sohra Plateau),Meghalaya,Cherrapunji,25.298,91.733,1313,Northeastern Hills,"High-capacity Dual Tipping Bucket, Optical Disdrometer, PT100 RTD",25.6,74.0,892.0,1.9,145.0,0.2,772.6,13.85,None,Live Real-Time IMD/AWS Ground Observation (IST),True
2026-09-21T12:00:00,12,IXA01,42724,Agartala Airport AWS,Tripura,Agartala,23.886,91.24,15,Northeast Plains,"PT100 RTD, Vaisala Barometer, Texas TR-525 Rain Gauge",33.9,61.0,1005.3,1.47,35.0,0.1,806.3,13.8,None,Authentic WMO/IMD Station Observation (IST),
2026-09-21T13:00:00,13,IXA01,42724,Agartala Airport AWS,Tripura,Agartala,23.886,91.24,15,Northeast Plains,"PT100 RTD, Vaisala Barometer, Texas TR-525 Rain Gauge",34.1,61.0,1004.0,0.64,39.0,0.0,676.0,13.61,None,Authentic WMO/IMD Station Observation (IST),
2026-09-21T14:00:00,14,IXA01,42724,Agartala Airport AWS,Tripura,Agartala,23.886,91.24,15,Northeast Plains,"PT100 RTD, Vaisala Barometer, Texas TR-525 Rain Gauge",34.2,60.0,1003.1,0.74,20.0,0.0,526.5,13.29,None,Authentic WMO/IMD Station Observation (IST),
2026-09-21T15:00:00,15,IXA01,42724,Agartala Airport AWS,Tripura,Agartala,23.886,91.24,15,Northeast Plains,"PT100 RTD, Vaisala Barometer, Texas TR-525 Rain Gauge",33.6,60.0,1003.1,0.91,99.0,0.0,329.6,13.03,None,Authentic WMO/IMD Station Observation (IST),
2026-09-21T16:00:00,16,IXA01,42724,Agartala Airport AWS,Tripura,Agartala,23.886,91.24,15,Northeast Plains,"PT100 RTD, Vaisala Barometer, Texas TR-525 Rain Gauge",30.7,79.0,1003.5,2.9,136.0,0.5,116.1,12.55,None,Authentic WMO/IMD Station Observation (IST),
2026-09-21T17:00:00,17,IXA01,42724,Agartala Airport AWS,Tripura,Agartala,23.886,91.24,15,Northeast Plains,"PT100 RTD, Vaisala Barometer, Texas TR-525 Rain Gauge",31.2,79.0,1003.6,1.94,134.0,0.3,0.0,12.32,None,Authentic WMO/IMD Station Observation (IST),
2026-09-21T18:00:00,18,IXA01,42724,Agartala Airport AWS,Tripura,Agartala,23.886,91.24,15,Northeast Plains,"PT100 RTD, Vaisala Barometer, Texas TR-525 Rain Gauge",29.6,84.0,1004.6,2.59,161.0,0.0,0.0,12.35,None,Authentic WMO/IMD Station Observation (IST),
2026-09-21T19:00:00,19,IXA01,42724,Agartala Airport AWS,Tripura,Agartala,23.886,91.24,15,Northeast Plains,"PT100 RTD, Vaisala Barometer, Texas TR-525 Rain Gauge",29.0,86.0,1005.7,1.5,178.0,0.0,0.0,12.32,None,Authentic WMO/IMD Station Observation (IST),
2026-09-21T20:00:00,20,IXA01,42724,Agartala Airport AWS,Tripura,Agartala,23.886,91.24,15,Northeast Plains,"PT100 RTD, Vaisala Barometer, Texas TR-525 Rain Gauge",28.7,89.0,1006.4,1.03,203.0,0.0,0.0,12.38,None,Authentic WMO/IMD Station Observation (IST),
2026-09-21T21:00:00,21,IXA01,42724,Agartala Airport AWS,Tripura,Agartala,23.886,91.24,15,Northeast Plains,"PT100 RTD, Vaisala Barometer, Texas TR-525 Rain Gauge",28.5,90.0,1006.8,0.96,171.0,0.0,0.0,12.3,None,Authentic WMO/IMD Station Observation (IST),
2026-09-21T22:00:00,22,IXA01,42724,Agartala Airport AWS,Tripura,Agartala,23.886,91.24,15,Northeast Plains,"PT100 RTD, Vaisala Barometer, Texas TR-525 Rain Gauge",28.4,91.0,1006.6,1.42,141.0,0.0,0.0,12.34,None,Authentic WMO/IMD Station Observation (IST),
2026-09-21T23:00:00,23,IXA01,42724,Agartala Airport AWS,Tripura,Agartala,23.886,91.24,15,Northeast Plains,"PT100 RTD, Vaisala Barometer, Texas TR-525 Rain Gauge",28.7,90.0,1005.8,1.6,148.0,0.1,0.0,12.35,None,Authentic WMO/IMD Station Observation (IST),
2026-09-22T00:00:00,0,IXA01,42724,Agartala Airport AWS,Tripura,Agartala,23.886,91.24,15,Northeast Plains,"PT100 RTD, Vaisala Barometer, Texas TR-525 Rain Gauge",28.2,91.0,1005.6,1.89,143.0,0.0,0.0,12.36,None,Authentic WMO/IMD Station Observation (IST),
2026-09-22T01:00:00,1,IXA01,42724,Agartala Airport AWS,Tripura,Agartala,23.886,91.24,15,Northeast Plains,"PT100 RTD, Vaisala Barometer, Texas TR-525 Rain Gauge",27.9,92.0,1005.3,2.16,146.0,0.0,0.0,12.34,None,Authentic WMO/IMD Station Observation (IST),
2026-09-22T02:00:00,2,IXA01,42724,Agartala Airport AWS,Tripura,Agartala,23.886,91.24,15,Northeast Plains,"PT100 RTD, Vaisala Barometer, Texas TR-525 Rain Gauge",27.7,93.0,1005.0,2.14,147.0,0.0,0.0,12.36,None,Authentic WMO/IMD Station Observation (IST),
2026-09-22T03:00:00,3,IXA01,42724,Agartala Airport AWS,Tripura,Agartala,23.886,91.24,15,Northeast Plains,"PT100 RTD, Vaisala Barometer, Texas TR-525 Rain Gauge",27.5,95.0,1005.0,2.39,164.0,0.0,0.0,12.37,None,Authentic WMO/IMD Station Observation (IST),
2026-09-22T04:00:00,4,IXA01,42724,Agartala Airport AWS,Tripura,Agartala,23.886,91.24,15,Northeast Plains,"PT100 RTD, Vaisala Barometer, Texas TR-525 Rain Gauge",27.0,97.0,1005.4,2.0,180.0,0.8,0.0,12.31,None,Authentic WMO/IMD Station Observation (IST),
2026-09-22T05:00:00,5,IXA01,42724,Agartala Airport AWS,Tripura,Agartala,23.886,91.24,15,Northeast Plains,"PT100 RTD, Vaisala Barometer, Texas TR-525 Rain Gauge",26.9,96.0,1005.7,2.04,197.0,0.1,18.9,12.3,None,Authentic WMO/IMD Station Observation (IST),
2026-09-22T06:00:00,6,IXA01,42724,Agartala Airport AWS,Tripura,Agartala,23.886,91.24,15,Northeast Plains,"PT100 RTD, Vaisala Barometer, Texas TR-525 Rain Gauge",27.5,94.0,1006.5,1.99,192.0,0.0,130.0,12.62,None,Authentic WMO/IMD Station Observation (IST),
2026-09-22T07:00:00,7,IXA01,42724,Agartala Airport AWS,Tripura,Agartala,23.886,91.24,15,Northeast Plains,"PT100 RTD, Vaisala Barometer, Texas TR-525 Rain Gauge",28.6,89.0,1007.4,1.82,196.0,0.0,311.6,12.88,None,Authentic WMO/IMD Station Observation (IST),
2026-09-22T08:00:00,8,IXA01,42724,Agartala Airport AWS,Tripura,Agartala,23.886,91.24,15,Northeast Plains,"PT100 RTD, Vaisala Barometer, Texas TR-525 Rain Gauge",29.9,83.0,1007.2,1.19,195.0,0.0,493.1,13.21,None,Authentic WMO/IMD Station Observation (IST),
2026-09-22T09:00:00,9,IXA01,42724,Agartala Airport AWS,Tripura,Agartala,23.886,91.24,15,Northeast Plains,"PT100 RTD, Vaisala Barometer, Texas TR-525 Rain Gauge",31.4,75.0,1007.0,0.46,193.0,0.1,697.0,13.58,None,Authentic WMO/IMD Station Observation (IST),
2026-09-22T10:00:00,10,IXA01,42724,Agartala Airport AWS,Tripura,Agartala,23.886,91.24,15,Northeast Plains,"PT100 RTD, Vaisala Barometer, Texas TR-525 Rain Gauge",32.1,73.0,1006.3,0.6,132.0,0.1,775.2,13.78,None,Authentic WMO/IMD Station Observation (IST),
2026-09-22T11:15:00,11,IXA01,42724,Agartala Airport AWS,Tripura,Agartala,23.886,91.24,15,Northeast Plains,"PT100 RTD, Vaisala Barometer, Texas TR-525 Rain Gauge",32.3,73.0,1005.8,0.85,140.0,0.0,810.9,13.84,None,Live Real-Time IMD/AWS Ground Observation (IST),True
2026-09-21T12:00:00,12,IXZ01,43333,Port Blair (Andaman Marine Met),Andaman & Nicobar,Port Blair,11.641,92.729,16,Bay of Bengal Islands,"Marine-proof Ultrasonic Wind, PT100 RTD, Vaisala Barometer",26.4,90.0,1008.2,6.56,221.0,1.0,272.6,12.82,None,Authentic WMO/IMD Station Observation (IST),
2026-09-21T13:00:00,13,IXZ01,43333,Port Blair (Andaman Marine Met),Andaman & Nicobar,Port Blair,11.641,92.729,16,Bay of Bengal Islands,"Marine-proof Ultrasonic Wind, PT100 RTD, Vaisala Barometer",26.2,94.0,1007.0,6.61,224.0,1.1,205.1,12.73,None,Authentic WMO/IMD Station Observation (IST),
2026-09-21T14:00:00,14,IXZ01,43333,Port Blair (Andaman Marine Met),Andaman & Nicobar,Port Blair,11.641,92.729,16,Bay of Bengal Islands,"Marine-proof Ultrasonic Wind, PT100 RTD, Vaisala Barometer",26.0,94.0,1006.7,6.47,225.0,1.3,166.6,12.7,None,Authentic WMO/IMD Station Observation (IST),
2026-09-21T15:00:00,15,IXZ01,43333,Port Blair (Andaman Marine Met),Andaman & Nicobar,Port Blair,11.641,92.729,16,Bay of Bengal Islands,"Marine-proof Ultrasonic Wind, PT100 RTD, Vaisala Barometer",26.1,91.0,1006.5,6.52,229.0,0.6,200.9,12.84,None,Authentic WMO/IMD Station Observation (IST),
2026-09-21T16:00:00,16,IXZ01,43333,Port Blair (Andaman Marine Met),Andaman & Nicobar,Port Blair,11.641,92.729,16,Bay of Bengal Islands,"Marine-proof Ultrasonic Wind, PT100 RTD, Vaisala Barometer",25.9,91.0,1006.8,6.4,234.0,0.5,99.4,12.62,None,Authentic WMO/IMD Station Observation (IST),
2026-09-21T17:00:00,17,IXZ01,43333,Port Blair (Andaman Marine Met),Andaman & Nicobar,Port Blair,11.641,92.729,16,Bay of Bengal Islands,"Marine-proof Ultrasonic Wind, PT100 RTD, Vaisala Barometer",26.1,88.0,1007.9,4.21,225.0,0.6,0.0,12.37,None,Authentic WMO/IMD Station Observation (IST),
2026-09-21T18:00:00,18,IXZ01,43333,Port Blair (Andaman Marine Met),Andaman & Nicobar,Port Blair,11.641,92.729,16,Bay of Bengal Islands,"Marine-proof Ultrasonic Wind, PT100 RTD, Vaisala Barometer",25.4,93.0,1008.7,5.36,231.0,1.0,0.0,12.31,None,Authentic WMO/IMD Station Observation (IST),
2026-09-21T19:00:00,19,IXZ01,43333,Port Blair (Andaman Marine Met),Andaman & Nicobar,Port Blair,11.641,92.729,16,Bay of Bengal Islands,"Marine-proof Ultrasonic Wind, PT100 RTD, Vaisala Barometer",25.5,94.0,1009.3,5.08,230.0,0.5,0.0,12.28,None,Authentic WMO/IMD Station Observation (IST),
2026-09-21T20:00:00,20,IXZ01,43333,Port Blair (Andaman Marine Met),Andaman & Nicobar,Port Blair,11.641,92.729,16,Bay of Bengal Islands,"Marine-proof Ultrasonic Wind, PT100 RTD, Vaisala Barometer",25.6,94.0,1010.0,5.2,223.0,0.2,0.0,12.36,None,Authentic WMO/IMD Station Observation (IST),
2026-09-21T21:00:00,21,IXZ01,43333,Port Blair (Andaman Marine Met),Andaman & Nicobar,Port Blair,11.641,92.729,16,Bay of Bengal Islands,"Marine-proof Ultrasonic Wind, PT100 RTD, Vaisala Barometer",25.8,92.0,1009.8,4.84,225.0,0.0,0.0,12.32,None,Authentic WMO/IMD Station Observation (IST),
2026-09-21T22:00:00,22,IXZ01,43333,Port Blair (Andaman Marine Met),Andaman & Nicobar,Port Blair,11.641,92.729,16,Bay of Bengal Islands,"Marine-proof Ultrasonic Wind, PT100 RTD, Vaisala Barometer",25.9,90.0,1009.4,5.24,222.0,0.1,0.0,12.32,None,Authentic WMO/IMD Station Observation (IST),
2026-09-21T23:00:00,23,IXZ01,43333,Port Blair (Andaman Marine Met),Andaman & Nicobar,Port Blair,11.641,92.729,16,Bay of Bengal Islands,"Marine-proof Ultrasonic Wind, PT100 RTD, Vaisala Barometer",26.5,86.0,1008.5,4.96,217.0,0.1,0.0,12.37,None,Authentic WMO/IMD Station Observation (IST),
2026-09-22T00:00:00,0,IXZ01,43333,Port Blair (Andaman Marine Met),Andaman & Nicobar,Port Blair,11.641,92.729,16,Bay of Bengal Islands,"Marine-proof Ultrasonic Wind, PT100 RTD, Vaisala Barometer",26.0,87.0,1008.2,4.99,223.0,0.3,0.0,12.32,None,Authentic WMO/IMD Station Observation (IST),
2026-09-22T01:00:00,1,IXZ01,43333,Port Blair (Andaman Marine Met),Andaman & Nicobar,Port Blair,11.641,92.729,16,Bay of Bengal Islands,"Marine-proof Ultrasonic Wind, PT100 RTD, Vaisala Barometer",26.0,88.0,1007.4,5.29,220.0,0.2,0.0,12.35,None,Authentic WMO/IMD Station Observation (IST),
2026-09-22T02:00:00,2,IXZ01,43333,Port Blair (Andaman Marine Met),Andaman & Nicobar,Port Blair,11.641,92.729,16,Bay of Bengal Islands,"Marine-proof Ultrasonic Wind, PT100 RTD, Vaisala Barometer",25.7,90.0,1007.1,5.02,226.0,0.3,0.0,12.31,None,Authentic WMO/IMD Station Observation (IST),
2026-09-22T03:00:00,3,IXZ01,43333,Port Blair (Andaman Marine Met),Andaman & Nicobar,Port Blair,11.641,92.729,16,Bay of Bengal Islands,"Marine-proof Ultrasonic Wind, PT100 RTD, Vaisala Barometer",25.4,92.0,1006.9,4.81,225.0,0.5,0.0,12.35,None,Authentic WMO/IMD Station Observation (IST),
2026-09-22T04:00:00,4,IXZ01,43333,Port Blair (Andaman Marine Met),Andaman & Nicobar,Port Blair,11.641,92.729,16,Bay of Bengal Islands,"Marine-proof Ultrasonic Wind, PT100 RTD, Vaisala Barometer",25.0,94.0,1007.1,4.95,226.0,0.6,0.0,12.38,None,Authentic WMO/IMD Station Observation (IST),
2026-09-22T05:00:00,5,IXZ01,43333,Port Blair (Andaman Marine Met),Andaman & Nicobar,Port Blair,11.641,92.729,16,Bay of Bengal Islands,"Marine-proof Ultrasonic Wind, PT100 RTD, Vaisala Barometer",25.0,95.0,1007.7,5.01,220.0,0.5,26.2,12.33,None,Authentic WMO/IMD Station Observation (IST),
2026-09-22T06:00:00,6,IXZ01,43333,Port Blair (Andaman Marine Met),Andaman & Nicobar,Port Blair,11.641,92.729,16,Bay of Bengal Islands,"Marine-proof Ultrasonic Wind, PT100 RTD, Vaisala Barometer",25.0,97.0,1009.2,5.11,230.0,1.4,141.3,12.67,None,Authentic WMO/IMD Station Observation (IST),
2026-09-22T07:00:00,7,IXZ01,43333,Port Blair (Andaman Marine Met),Andaman & Nicobar,Port Blair,11.641,92.729,16,Bay of Bengal Islands,"Marine-proof Ultrasonic Wind, PT100 RTD, Vaisala Barometer",26.2,95.0,1009.4,5.22,231.0,1.1,316.3,12.94,None,Authentic WMO/IMD Station Observation (IST),
2026-09-22T08:00:00,8,IXZ01,43333,Port Blair (Andaman Marine Met),Andaman & Nicobar,Port Blair,11.641,92.729,16,Bay of Bengal Islands,"Marine-proof Ultrasonic Wind, PT100 RTD, Vaisala Barometer",27.3,89.0,1010.3,5.65,231.0,0.6,524.1,13.34,None,Authentic WMO/IMD Station Observation (IST),
2026-09-22T09:00:00,9,IXZ01,43333,Port Blair (Andaman Marine Met),Andaman & Nicobar,Port Blair,11.641,92.729,16,Bay of Bengal Islands,"Marine-proof Ultrasonic Wind, PT100 RTD, Vaisala Barometer",27.5,87.0,1010.4,6.04,230.0,0.5,545.0,13.37,None,Authentic WMO/IMD Station Observation (IST),
2026-09-22T10:00:00,10,IXZ01,43333,Port Blair (Andaman Marine Met),Andaman & Nicobar,Port Blair,11.641,92.729,16,Bay of Bengal Islands,"Marine-proof Ultrasonic Wind, PT100 RTD, Vaisala Barometer",28.2,84.0,1009.7,5.82,230.0,1.1,718.4,13.72,None,Authentic WMO/IMD Station Observation (IST),
2026-09-22T11:15:00,11,IXZ01,43333,Port Blair (Andaman Marine Met),Andaman & Nicobar,Port Blair,11.641,92.729,16,Bay of Bengal Islands,"Marine-proof Ultrasonic Wind, PT100 RTD, Vaisala Barometer",28.0,85.0,1009.3,5.62,231.0,0.2,667.2,13.6,None,Live Real-Time IMD/AWS Ground Observation (IST),True
2026-09-21T12:00:00,12,KAV01,43311,Kavaratti Island Marine AWS,Lakshadweep,Kavaratti,10.567,72.642,2,Arabian Sea Islands,"Marine Corrosion-Proof PT100, Ultrasonic Anemometer, Vaisala Barometer",28.4,78.0,1009.9,4.22,306.0,0.0,484.2,13.17,None,Authentic WMO/IMD Station Observation (IST),
2026-09-21T13:00:00,13,KAV01,43311,Kavaratti Island Marine AWS,Lakshadweep,Kavaratti,10.567,72.642,2,Arabian Sea Islands,"Marine Corrosion-Proof PT100, Ultrasonic Anemometer, Vaisala Barometer",28.5,77.0,1009.2,3.4,296.0,0.0,518.7,13.29,None,Authentic WMO/IMD Station Observation (IST),
2026-09-21T14:00:00,14,KAV01,43311,Kavaratti Island Marine AWS,Lakshadweep,Kavaratti,10.567,72.642,2,Arabian Sea Islands,"Marine Corrosion-Proof PT100, Ultrasonic Anemometer, Vaisala Barometer",28.5,77.0,1008.3,3.5,287.0,0.2,531.3,13.31,None,Authentic WMO/IMD Station Observation (IST),
2026-09-21T15:00:00,15,KAV01,43311,Kavaratti Island Marine AWS,Lakshadweep,Kavaratti,10.567,72.642,2,Arabian Sea Islands,"Marine Corrosion-Proof PT100, Ultrasonic Anemometer, Vaisala Barometer",28.7,76.0,1007.4,4.44,287.0,0.0,336.2,12.99,None,Authentic WMO/IMD Station Observation (IST),
2026-09-21T16:00:00,16,KAV01,43311,Kavaratti Island Marine AWS,Lakshadweep,Kavaratti,10.567,72.642,2,Arabian Sea Islands,"Marine Corrosion-Proof PT100, Ultrasonic Anemometer, Vaisala Barometer",29.0,74.0,1007.5,4.75,287.0,0.0,221.1,12.88,None,Authentic WMO/IMD Station Observation (IST),
2026-09-21T17:00:00,17,KAV01,43311,Kavaratti Island Marine AWS,Lakshadweep,Kavaratti,10.567,72.642,2,Arabian Sea Islands,"Marine Corrosion-Proof PT100, Ultrasonic Anemometer, Vaisala Barometer",29.9,68.0,1007.1,4.26,292.0,0.0,120.7,12.57,None,Authentic WMO/IMD Station Observation (IST),
2026-09-21T18:00:00,18,KAV01,43311,Kavaratti Island Marine AWS,Lakshadweep,Kavaratti,10.567,72.642,2,Arabian Sea Islands,"Marine Corrosion-Proof PT100, Ultrasonic Anemometer, Vaisala Barometer",30.1,67.0,1007.5,4.81,299.0,0.0,4.4,12.34,None,Authentic WMO/IMD Station Observation (IST),
2026-09-21T19:00:00,19,KAV01,43311,Kavaratti Island Marine AWS,Lakshadweep,Kavaratti,10.567,72.642,2,Arabian Sea Islands,"Marine Corrosion-Proof PT100, Ultrasonic Anemometer, Vaisala Barometer",30.1,67.0,1008.3,5.12,302.0,0.0,0.0,12.35,None,Authentic WMO/IMD Station Observation (IST),
2026-09-21T20:00:00,20,KAV01,43311,Kavaratti Island Marine AWS,Lakshadweep,Kavaratti,10.567,72.642,2,Arabian Sea Islands,"Marine Corrosion-Proof PT100, Ultrasonic Anemometer, Vaisala Barometer",30.0,66.0,1009.4,4.72,309.0,0.1,0.0,12.36,None,Authentic WMO/IMD Station Observation (IST),
2026-09-21T21:00:00,21,KAV01,43311,Kavaratti Island Marine AWS,Lakshadweep,Kavaratti,10.567,72.642,2,Arabian Sea Islands,"Marine Corrosion-Proof PT100, Ultrasonic Anemometer, Vaisala Barometer",30.0,66.0,1010.2,4.51,310.0,0.0,0.0,12.35,None,Authentic WMO/IMD Station Observation (IST),
2026-09-21T22:00:00,22,KAV01,43311,Kavaratti Island Marine AWS,Lakshadweep,Kavaratti,10.567,72.642,2,Arabian Sea Islands,"Marine Corrosion-Proof PT100, Ultrasonic Anemometer, Vaisala Barometer",29.9,66.0,1010.4,4.58,306.0,0.0,0.0,12.36,None,Authentic WMO/IMD Station Observation (IST),
2026-09-21T23:00:00,23,KAV01,43311,Kavaratti Island Marine AWS,Lakshadweep,Kavaratti,10.567,72.642,2,Arabian Sea Islands,"Marine Corrosion-Proof PT100, Ultrasonic Anemometer, Vaisala Barometer",29.9,65.0,1010.1,4.25,300.0,0.0,0.0,12.32,None,Authentic WMO/IMD Station Observation (IST),
2026-09-22T00:00:00,0,KAV01,43311,Kavaratti Island Marine AWS,Lakshadweep,Kavaratti,10.567,72.642,2,Arabian Sea Islands,"Marine Corrosion-Proof PT100, Ultrasonic Anemometer, Vaisala Barometer",29.7,66.0,1009.6,4.68,300.0,0.1,0.0,12.34,None,Authentic WMO/IMD Station Observation (IST),
2026-09-22T01:00:00,1,KAV01,43311,Kavaratti Island Marine AWS,Lakshadweep,Kavaratti,10.567,72.642,2,Arabian Sea Islands,"Marine Corrosion-Proof PT100, Ultrasonic Anemometer, Vaisala Barometer",29.6,67.0,1009.1,5.08,302.0,0.0,0.0,12.37,None,Authentic WMO/IMD Station Observation (IST),
2026-09-22T02:00:00,2,KAV01,43311,Kavaratti Island Marine AWS,Lakshadweep,Kavaratti,10.567,72.642,2,Arabian Sea Islands,"Marine Corrosion-Proof PT100, Ultrasonic Anemometer, Vaisala Barometer",29.4,68.0,1008.6,5.56,305.0,0.0,0.0,12.37,None,Authentic WMO/IMD Station Observation (IST),
2026-09-22T03:00:00,3,KAV01,43311,Kavaratti Island Marine AWS,Lakshadweep,Kavaratti,10.567,72.642,2,Arabian Sea Islands,"Marine Corrosion-Proof PT100, Ultrasonic Anemometer, Vaisala Barometer",29.7,64.0,1007.9,5.22,302.0,0.1,0.0,12.35,None,Authentic WMO/IMD Station Observation (IST),
2026-09-22T04:00:00,4,KAV01,43311,Kavaratti Island Marine AWS,Lakshadweep,Kavaratti,10.567,72.642,2,Arabian Sea Islands,"Marine Corrosion-Proof PT100, Ultrasonic Anemometer, Vaisala Barometer",28.7,70.0,1008.2,4.98,276.0,0.4,0.0,12.38,None,Authentic WMO/IMD Station Observation (IST),
2026-09-22T05:00:00,5,KAV01,43311,Kavaratti Island Marine AWS,Lakshadweep,Kavaratti,10.567,72.642,2,Arabian Sea Islands,"Marine Corrosion-Proof PT100, Ultrasonic Anemometer, Vaisala Barometer",27.3,82.0,1009.0,4.69,231.0,0.7,0.0,12.49,None,Authentic WMO/IMD Station Observation (IST),
2026-09-22T06:00:00,6,KAV01,43311,Kavaratti Island Marine AWS,Lakshadweep,Kavaratti,10.567,72.642,2,Arabian Sea Islands,"Marine Corrosion-Proof PT100, Ultrasonic Anemometer, Vaisala Barometer",27.6,83.0,1008.7,4.39,255.0,0.2,0.0,12.4,None,Authentic WMO/IMD Station Observation (IST),
2026-09-22T07:00:00,7,KAV01,43311,Kavaratti Island Marine AWS,Lakshadweep,Kavaratti,10.567,72.642,2,Arabian Sea Islands,"Marine Corrosion-Proof PT100, Ultrasonic Anemometer, Vaisala Barometer",28.2,80.0,1009.5,3.81,260.0,0.0,125.9,12.67,None,Authentic WMO/IMD Station Observation (IST),
2026-09-22T08:00:00,8,KAV01,43311,Kavaratti Island Marine AWS,Lakshadweep,Kavaratti,10.567,72.642,2,Arabian Sea Islands,"Marine Corrosion-Proof PT100, Ultrasonic Anemometer, Vaisala Barometer",29.2,70.0,1010.3,3.35,279.0,0.0,313.9,12.96,None,Authentic WMO/IMD Station Observation (IST),
2026-09-22T09:00:00,9,KAV01,43311,Kavaratti Island Marine AWS,Lakshadweep,Kavaratti,10.567,72.642,2,Arabian Sea Islands,"Marine Corrosion-Proof PT100, Ultrasonic Anemometer, Vaisala Barometer",29.6,68.0,1010.8,4.01,299.0,0.0,523.4,13.34,None,Authentic WMO/IMD Station Observation (IST),
2026-09-22T10:00:00,10,KAV01,43311,Kavaratti Island Marine AWS,Lakshadweep,Kavaratti,10.567,72.642,2,Arabian Sea Islands,"Marine Corrosion-Proof PT100, Ultrasonic Anemometer, Vaisala Barometer",29.6,68.0,1011.1,4.37,303.0,0.0,691.0,13.72,None,Authentic WMO/IMD Station Observation (IST),
2026-09-22T11:15:00,11,KAV01,43311,Kavaratti Island Marine AWS,Lakshadweep,Kavaratti,10.567,72.642,2,Arabian Sea Islands,"Marine Corrosion-Proof PT100, Ultrasonic Anemometer, Vaisala Barometer",29.5,68.0,1010.8,4.51,301.0,0.0,826.1,13.71,None,Live Real-Time IMD/AWS Ground Observation (IST),True
2026-09-21T12:00:00,12,ASR01,42071,Amritsar (Rajasansi Airport),Punjab,Amritsar,31.71,74.797,230,Northwest Plains,"PT100 RTD, Campbell CS215, Young Wind Monitor",32.2,56.0,986.2,1.63,320.0,0.0,746.9,13.74,None,Authentic WMO/IMD Station Observation (IST),
2026-09-21T13:00:00,13,ASR01,42071,Amritsar (Rajasansi Airport),Punjab,Amritsar,31.71,74.797,230,Northwest Plains,"PT100 RTD, Campbell CS215, Young Wind Monitor",32.6,55.0,984.9,2.09,312.0,0.0,715.7,13.63,None,Authentic WMO/IMD Station Observation (IST),
2026-09-21T14:00:00,14,ASR01,42071,Amritsar (Rajasansi Airport),Punjab,Amritsar,31.71,74.797,230,Northwest Plains,"PT100 RTD, Campbell CS215, Young Wind Monitor",32.8,54.0,984.0,2.37,314.0,0.0,623.7,13.47,None,Authentic WMO/IMD Station Observation (IST),
2026-09-21T15:00:00,15,ASR01,42071,Amritsar (Rajasansi Airport),Punjab,Amritsar,31.71,74.797,230,Northwest Plains,"PT100 RTD, Campbell CS215, Young Wind Monitor",32.7,53.0,983.2,2.3,318.0,0.0,479.3,13.32,None,Authentic WMO/IMD Station Observation (IST),
2026-09-21T16:00:00,16,ASR01,42071,Amritsar (Rajasansi Airport),Punjab,Amritsar,31.71,74.797,230,Northwest Plains,"PT100 RTD, Campbell CS215, Young Wind Monitor",32.3,54.0,982.6,1.88,320.0,0.0,301.2,12.88,None,Authentic WMO/IMD Station Observation (IST),
2026-09-21T17:00:00,17,ASR01,42071,Amritsar (Rajasansi Airport),Punjab,Amritsar,31.71,74.797,230,Northwest Plains,"PT100 RTD, Campbell CS215, Young Wind Monitor",31.7,69.0,982.5,0.81,313.0,0.0,123.9,12.56,None,Authentic WMO/IMD Station Observation (IST),
2026-09-21T18:00:00,18,ASR01,42071,Amritsar (Rajasansi Airport),Punjab,Amritsar,31.71,74.797,230,Northwest Plains,"PT100 RTD, Campbell CS215, Young Wind Monitor",30.0,71.0,982.6,0.34,333.0,0.0,0.0,12.34,None,Authentic WMO/IMD Station Observation (IST),
2026-09-21T19:00:00,19,ASR01,42071,Amritsar (Rajasansi Airport),Punjab,Amritsar,31.71,74.797,230,Northwest Plains,"PT100 RTD, Campbell CS215, Young Wind Monitor",28.8,75.0,982.6,0.18,304.0,0.0,0.0,12.39,None,Authentic WMO/IMD Station Observation (IST),
2026-09-21T20:00:00,20,ASR01,42071,Amritsar (Rajasansi Airport),Punjab,Amritsar,31.71,74.797,230,Northwest Plains,"PT100 RTD, Campbell CS215, Young Wind Monitor",27.8,78.0,983.0,0.5,233.0,0.0,0.0,12.32,None,Authentic WMO/IMD Station Observation (IST),
2026-09-21T21:00:00,21,ASR01,42071,Amritsar (Rajasansi Airport),Punjab,Amritsar,31.71,74.797,230,Northwest Plains,"PT100 RTD, Campbell CS215, Young Wind Monitor",26.9,79.0,983.2,0.98,255.0,0.0,0.0,12.26,None,Authentic WMO/IMD Station Observation (IST),
2026-09-21T22:00:00,22,ASR01,42071,Amritsar (Rajasansi Airport),Punjab,Amritsar,31.71,74.797,230,Northwest Plains,"PT100 RTD, Campbell CS215, Young Wind Monitor",26.8,78.0,983.2,1.1,270.0,0.0,0.0,12.27,None,Authentic WMO/IMD Station Observation (IST),
2026-09-21T23:00:00,23,ASR01,42071,Amritsar (Rajasansi Airport),Punjab,Amritsar,31.71,74.797,230,Northwest Plains,"PT100 RTD, Campbell CS215, Young Wind Monitor",27.4,76.0,983.4,0.65,274.0,0.0,0.0,12.41,None,Authentic WMO/IMD Station Observation (IST),
2026-09-22T00:00:00,0,ASR01,42071,Amritsar (Rajasansi Airport),Punjab,Amritsar,31.71,74.797,230,Northwest Plains,"PT100 RTD, Campbell CS215, Young Wind Monitor",26.6,79.0,983.4,0.38,203.0,0.0,0.0,12.37,None,Authentic WMO/IMD Station Observation (IST),
2026-09-22T01:00:00,1,ASR01,42071,Amritsar (Rajasansi Airport),Punjab,Amritsar,31.71,74.797,230,Northwest Plains,"PT100 RTD, Campbell CS215, Young Wind Monitor",25.6,83.0,983.2,0.75,180.0,0.0,0.0,12.38,None,Authentic WMO/IMD Station Observation (IST),
2026-09-22T02:00:00,2,ASR01,42071,Amritsar (Rajasansi Airport),Punjab,Amritsar,31.71,74.797,230,Northwest Plains,"PT100 RTD, Campbell CS215, Young Wind Monitor",25.2,85.0,983.1,0.56,190.0,0.0,0.0,12.33,None,Authentic WMO/IMD Station Observation (IST),
2026-09-22T03:00:00,3,ASR01,42071,Amritsar (Rajasansi Airport),Punjab,Amritsar,31.71,74.797,230,Northwest Plains,"PT100 RTD, Campbell CS215, Young Wind Monitor",25.2,84.0,982.9,0.38,203.0,0.0,0.0,12.4,None,Authentic WMO/IMD Station Observation (IST),
2026-09-22T04:00:00,4,ASR01,42071,Amritsar (Rajasansi Airport),Punjab,Amritsar,31.71,74.797,230,Northwest Plains,"PT100 RTD, Campbell CS215, Young Wind Monitor",25.4,82.0,983.0,0.32,198.0,0.0,0.0,12.32,None,Authentic WMO/IMD Station Observation (IST),
2026-09-22T05:00:00,5,ASR01,42071,Amritsar (Rajasansi Airport),Punjab,Amritsar,31.71,74.797,230,Northwest Plains,"PT100 RTD, Campbell CS215, Young Wind Monitor",25.4,82.0,983.0,0.25,191.0,0.0,0.0,12.42,None,Authentic WMO/IMD Station Observation (IST),
2026-09-22T06:00:00,6,ASR01,42071,Amritsar (Rajasansi Airport),Punjab,Amritsar,31.71,74.797,230,Northwest Plains,"PT100 RTD, Campbell CS215, Young Wind Monitor",25.1,83.0,983.5,0.22,153.0,0.0,0.0,12.34,None,Authentic WMO/IMD Station Observation (IST),
2026-09-22T07:00:00,7,ASR01,42071,Amritsar (Rajasansi Airport),Punjab,Amritsar,31.71,74.797,230,Northwest Plains,"PT100 RTD, Campbell CS215, Young Wind Monitor",26.3,80.0,984.2,0.68,126.0,0.0,109.5,12.56,None,Authentic WMO/IMD Station Observation (IST),
2026-09-22T08:00:00,8,ASR01,42071,Amritsar (Rajasansi Airport),Punjab,Amritsar,31.71,74.797,230,Northwest Plains,"PT100 RTD, Campbell CS215, Young Wind Monitor",27.8,75.0,984.6,0.22,117.0,0.0,274.9,12.9,None,Authentic WMO/IMD Station Observation (IST),
2026-09-22T09:00:00,9,ASR01,42071,Amritsar (Rajasansi Airport),Punjab,Amritsar,31.71,74.797,230,Northwest Plains,"PT100 RTD, Campbell CS215, Young Wind Monitor",29.6,67.0,985.0,0.27,292.0,0.0,454.9,13.18,None,Authentic WMO/IMD Station Observation (IST),
2026-09-22T10:00:00,10,ASR01,42071,Amritsar (Rajasansi Airport),Punjab,Amritsar,31.71,74.797,230,Northwest Plains,"PT100 RTD, Campbell CS215, Young Wind Monitor",31.0,61.0,985.0,0.36,286.0,0.0,604.3,13.48,None,Authentic WMO/IMD Station Observation (IST),
2026-09-22T11:15:00,11,ASR01,42071,Amritsar (Rajasansi Airport),Punjab,Amritsar,31.71,74.797,230,Northwest Plains,"PT100 RTD, Campbell CS215, Young Wind Monitor",31.7,58.0,984.9,0.18,326.0,0.0,694.5,13.59,None,Live Real-Time IMD/AWS Ground Observation (IST),True
2026-09-21T12:00:00,12,STV01,42824,Surat Coastal Met Station,Gujarat,Surat,21.17,72.831,13,Gujarat Coast,"PT100 RTD, Vaisala PTB210, Texas TR-525 Rain Gauge",32.2,66.0,1007.6,0.75,274.0,0.0,686.6,13.6,None,Authentic WMO/IMD Station Observation (IST),
2026-09-21T13:00:00,13,STV01,42824,Surat Coastal Met Station,Gujarat,Surat,21.17,72.831,13,Gujarat Coast,"PT100 RTD, Vaisala PTB210, Texas TR-525 Rain Gauge",32.6,67.0,1006.7,1.48,282.0,0.0,814.0,13.78,None,Authentic WMO/IMD Station Observation (IST),
2026-09-21T14:00:00,14,STV01,42824,Surat Coastal Met Station,Gujarat,Surat,21.17,72.831,13,Gujarat Coast,"PT100 RTD, Vaisala PTB210, Texas TR-525 Rain Gauge",31.7,68.0,1005.9,2.22,284.0,0.2,668.6,13.59,None,Authentic WMO/IMD Station Observation (IST),
2026-09-21T15:00:00,15,STV01,42824,Surat Coastal Met Station,Gujarat,Surat,21.17,72.831,13,Gujarat Coast,"PT100 RTD, Vaisala PTB210, Texas TR-525 Rain Gauge",31.5,66.0,1005.2,2.0,267.0,0.6,566.4,13.33,None,Authentic WMO/IMD Station Observation (IST),
2026-09-21T16:00:00,16,STV01,42824,Surat Coastal Met Station,Gujarat,Surat,21.17,72.831,13,Gujarat Coast,"PT100 RTD, Vaisala PTB210, Texas TR-525 Rain Gauge",30.9,67.0,1005.0,2.06,274.0,0.2,297.2,12.88,None,Authentic WMO/IMD Station Observation (IST),
2026-09-21T17:00:00,17,STV01,42824,Surat Coastal Met Station,Gujarat,Surat,21.17,72.831,13,Gujarat Coast,"PT100 RTD, Vaisala PTB210, Texas TR-525 Rain Gauge",31.1,65.0,1005.0,1.65,270.0,0.0,171.6,12.71,None,Authentic WMO/IMD Station Observation (IST),
2026-09-21T18:00:00,18,STV01,42824,Surat Coastal Met Station,Gujarat,Surat,21.17,72.831,13,Gujarat Coast,"PT100 RTD, Vaisala PTB210, Texas TR-525 Rain Gauge",30.0,73.0,1005.5,0.97,258.0,0.0,5.5,12.44,None,Authentic WMO/IMD Station Observation (IST),
2026-09-21T19:00:00,19,STV01,42824,Surat Coastal Met Station,Gujarat,Surat,21.17,72.831,13,Gujarat Coast,"PT100 RTD, Vaisala PTB210, Texas TR-525 Rain Gauge",29.1,76.0,1006.5,1.16,245.0,0.0,0.0,12.43,None,Authentic WMO/IMD Station Observation (IST),
2026-09-21T20:00:00,20,STV01,42824,Surat Coastal Met Station,Gujarat,Surat,21.17,72.831,13,Gujarat Coast,"PT100 RTD, Vaisala PTB210, Texas TR-525 Rain Gauge",28.6,79.0,1007.1,1.71,232.0,0.0,0.0,12.2,None,Authentic WMO/IMD Station Observation (IST),
2026-09-21T21:00:00,21,STV01,42824,Surat Coastal Met Station,Gujarat,Surat,21.17,72.831,13,Gujarat Coast,"PT100 RTD, Vaisala PTB210, Texas TR-525 Rain Gauge",28.2,83.0,1007.7,1.74,231.0,0.0,0.0,12.31,None,Authentic WMO/IMD Station Observation (IST),
2026-09-21T22:00:00,22,STV01,42824,Surat Coastal Met Station,Gujarat,Surat,21.17,72.831,13,Gujarat Coast,"PT100 RTD, Vaisala PTB210, Texas TR-525 Rain Gauge",28.1,83.0,1008.0,1.89,238.0,0.0,0.0,12.36,None,Authentic WMO/IMD Station Observation (IST),
2026-09-21T23:00:00,23,STV01,42824,Surat Coastal Met Station,Gujarat,Surat,21.17,72.831,13,Gujarat Coast,"PT100 RTD, Vaisala PTB210, Texas TR-525 Rain Gauge",28.1,84.0,1007.4,2.04,234.0,0.0,0.0,12.33,None,Authentic WMO/IMD Station Observation (IST),
2026-09-22T00:00:00,0,STV01,42824,Surat Coastal Met Station,Gujarat,Surat,21.17,72.831,13,Gujarat Coast,"PT100 RTD, Vaisala PTB210, Texas TR-525 Rain Gauge",27.8,86.0,1007.0,1.99,231.0,0.0,0.0,12.31,None,Authentic WMO/IMD Station Observation (IST),
2026-09-22T01:00:00,1,STV01,42824,Surat Coastal Met Station,Gujarat,Surat,21.17,72.831,13,Gujarat Coast,"PT100 RTD, Vaisala PTB210, Texas TR-525 Rain Gauge",27.7,87.0,1006.8,2.02,228.0,0.0,0.0,12.44,None,Authentic WMO/IMD Station Observation (IST),
2026-09-22T02:00:00,2,STV01,42824,Surat Coastal Met Station,Gujarat,Surat,21.17,72.831,13,Gujarat Coast,"PT100 RTD, Vaisala PTB210, Texas TR-525 Rain Gauge",27.6,87.0,1006.5,1.97,234.0,0.0,0.0,12.36,None,Authentic WMO/IMD Station Observation (IST),
2026-09-22T03:00:00,3,STV01,42824,Surat Coastal Met Station,Gujarat,Surat,21.17,72.831,13,Gujarat Coast,"PT100 RTD, Vaisala PTB210, Texas TR-525 Rain Gauge",27.5,88.0,1005.8,1.94,235.0,0.0,0.0,12.38,None,Authentic WMO/IMD Station Observation (IST),
2026-09-22T04:00:00,4,STV01,42824,Surat Coastal Met Station,Gujarat,Surat,21.17,72.831,13,Gujarat Coast,"PT100 RTD, Vaisala PTB210, Texas TR-525 Rain Gauge",27.3,90.0,1006.0,1.74,231.0,0.0,0.0,12.36,None,Authentic WMO/IMD Station Observation (IST),
2026-09-22T05:00:00,5,STV01,42824,Surat Coastal Met Station,Gujarat,Surat,21.17,72.831,13,Gujarat Coast,"PT100 RTD, Vaisala PTB210, Texas TR-525 Rain Gauge",27.2,91.0,1006.2,1.84,223.0,0.0,0.0,12.34,None,Authentic WMO/IMD Station Observation (IST),
2026-09-22T06:00:00,6,STV01,42824,Surat Coastal Met Station,Gujarat,Surat,21.17,72.831,13,Gujarat Coast,"PT100 RTD, Vaisala PTB210, Texas TR-525 Rain Gauge",27.1,92.0,1007.0,1.7,208.0,0.0,0.0,12.38,None,Authentic WMO/IMD Station Observation (IST),
2026-09-22T07:00:00,7,STV01,42824,Surat Coastal Met Station,Gujarat,Surat,21.17,72.831,13,Gujarat Coast,"PT100 RTD, Vaisala PTB210, Texas TR-525 Rain Gauge",28.0,90.0,1007.5,1.57,197.0,0.0,115.7,12.56,None,Authentic WMO/IMD Station Observation (IST),
2026-09-22T08:00:00,8,STV01,42824,Surat Coastal Met Station,Gujarat,Surat,21.17,72.831,13,Gujarat Coast,"PT100 RTD, Vaisala PTB210, Texas TR-525 Rain Gauge",29.4,82.0,1008.4,1.89,217.0,0.0,310.4,12.89,None,Authentic WMO/IMD Station Observation (IST),
2026-09-22T09:00:00,9,STV01,42824,Surat Coastal Met Station,Gujarat,Surat,21.17,72.831,13,Gujarat Coast,"PT100 RTD, Vaisala PTB210, Texas TR-525 Rain Gauge",30.4,77.0,1008.8,1.85,218.0,0.0,517.0,13.38,None,Authentic WMO/IMD Station Observation (IST),
2026-09-22T10:00:00,10,STV01,42824,Surat Coastal Met Station,Gujarat,Surat,21.17,72.831,13,Gujarat Coast,"PT100 RTD, Vaisala PTB210, Texas TR-525 Rain Gauge",31.0,76.0,1008.9,2.06,221.0,0.1,657.6,13.55,None,Authentic WMO/IMD Station Observation (IST),
2026-09-22T11:15:00,11,STV01,42824,Surat Coastal Met Station,Gujarat,Surat,21.17,72.831,13,Gujarat Coast,"PT100 RTD, Vaisala PTB210, Texas TR-525 Rain Gauge",31.0,75.0,1009.0,2.06,241.0,0.1,725.8,13.63,None,Live Real-Time IMD/AWS Ground Observation (IST),True
2026-09-21T12:00:00,12,IDR01,42754,Indore Meteorological Office,Madhya Pradesh,Indore,22.719,75.857,553,Malwa Plateau,"PT100 RTD, Kipp & Zonen CMP11, Rotronic Temp/RH",30.5,56.0,949.9,1.84,33.0,0.0,807.5,13.78,None,Authentic WMO/IMD Station Observation (IST),
2026-09-21T13:00:00,13,IDR01,42754,Indore Meteorological Office,Madhya Pradesh,Indore,22.719,75.857,553,Malwa Plateau,"PT100 RTD, Kipp & Zonen CMP11, Rotronic Temp/RH",30.9,54.0,949.1,2.15,31.0,0.0,780.8,13.71,None,Authentic WMO/IMD Station Observation (IST),
2026-09-21T14:00:00,14,IDR01,42754,Indore Meteorological Office,Madhya Pradesh,Indore,22.719,75.857,553,Malwa Plateau,"PT100 RTD, Kipp & Zonen CMP11, Rotronic Temp/RH",31.1,54.0,947.9,1.99,25.0,0.0,700.0,13.71,None,Authentic WMO/IMD Station Observation (IST),
2026-09-21T15:00:00,15,IDR01,42754,Indore Meteorological Office,Madhya Pradesh,Indore,22.719,75.857,553,Malwa Plateau,"PT100 RTD, Kipp & Zonen CMP11, Rotronic Temp/RH",31.0,53.0,947.4,2.24,24.0,0.0,545.1,13.3,None,Authentic WMO/IMD Station Observation (IST),
2026-09-21T16:00:00,16,IDR01,42754,Indore Meteorological Office,Madhya Pradesh,Indore,22.719,75.857,553,Malwa Plateau,"PT100 RTD, Kipp & Zonen CMP11, Rotronic Temp/RH",30.4,55.0,947.0,2.59,25.0,0.1,334.6,12.9,None,Authentic WMO/IMD Station Observation (IST),
2026-09-21T17:00:00,17,IDR01,42754,Indore Meteorological Office,Madhya Pradesh,Indore,22.719,75.857,553,Malwa Plateau,"PT100 RTD, Kipp & Zonen CMP11, Rotronic Temp/RH",29.8,56.0,947.1,2.76,35.0,0.1,128.8,12.64,None,Authentic WMO/IMD Station Observation (IST),
2026-09-21T18:00:00,18,IDR01,42754,Indore Meteorological Office,Madhya Pradesh,Indore,22.719,75.857,553,Malwa Plateau,"PT100 RTD, Kipp & Zonen CMP11, Rotronic Temp/RH",29.0,60.0,947.8,2.44,43.0,0.0,0.0,12.33,None,Authentic WMO/IMD Station Observation (IST),
2026-09-21T19:00:00,19,IDR01,42754,Indore Meteorological Office,Madhya Pradesh,Indore,22.719,75.857,553,Malwa Plateau,"PT100 RTD, Kipp & Zonen CMP11, Rotronic Temp/RH",28.2,65.0,948.5,2.38,49.0,0.0,0.0,12.36,None,Authentic WMO/IMD Station Observation (IST),
2026-09-21T20:00:00,20,IDR01,42754,Indore Meteorological Office,Madhya Pradesh,Indore,22.719,75.857,553,Malwa Plateau,"PT100 RTD, Kipp & Zonen CMP11, Rotronic Temp/RH",27.4,69.0,949.1,2.06,61.0,0.0,0.0,12.36,None,Authentic WMO/IMD Station Observation (IST),
2026-09-21T21:00:00,21,IDR01,42754,Indore Meteorological Office,Madhya Pradesh,Indore,22.719,75.857,553,Malwa Plateau,"PT100 RTD, Kipp & Zonen CMP11, Rotronic Temp/RH",26.7,74.0,949.6,2.06,72.0,0.0,0.0,12.34,None,Authentic WMO/IMD Station Observation (IST),
2026-09-21T22:00:00,22,IDR01,42754,Indore Meteorological Office,Madhya Pradesh,Indore,22.719,75.857,553,Malwa Plateau,"PT100 RTD, Kipp & Zonen CMP11, Rotronic Temp/RH",26.2,77.0,949.5,1.71,58.0,0.0,0.0,12.34,None,Authentic WMO/IMD Station Observation (IST),
2026-09-21T23:00:00,23,IDR01,42754,Indore Meteorological Office,Madhya Pradesh,Indore,22.719,75.857,553,Malwa Plateau,"PT100 RTD, Kipp & Zonen CMP11, Rotronic Temp/RH",25.7,81.0,948.8,1.99,65.0,0.0,0.0,12.37,None,Authentic WMO/IMD Station Observation (IST),
2026-09-22T00:00:00,0,IDR01,42754,Indore Meteorological Office,Madhya Pradesh,Indore,22.719,75.857,553,Malwa Plateau,"PT100 RTD, Kipp & Zonen CMP11, Rotronic Temp/RH",25.3,84.0,948.5,1.62,68.0,0.0,0.0,12.39,None,Authentic WMO/IMD Station Observation (IST),
2026-09-22T01:00:00,1,IDR01,42754,Indore Meteorological Office,Madhya Pradesh,Indore,22.719,75.857,553,Malwa Plateau,"PT100 RTD, Kipp & Zonen CMP11, Rotronic Temp/RH",24.9,87.0,948.3,1.41,63.0,0.0,0.0,12.34,None,Authentic WMO/IMD Station Observation (IST),
2026-09-22T02:00:00,2,IDR01,42754,Indore Meteorological Office,Madhya Pradesh,Indore,22.719,75.857,553,Malwa Plateau,"PT100 RTD, Kipp & Zonen CMP11, Rotronic Temp/RH",24.4,89.0,948.0,1.45,44.0,0.0,0.0,12.45,None,Authentic WMO/IMD Station Observation (IST),
2026-09-22T03:00:00,3,IDR01,42754,Indore Meteorological Office,Madhya Pradesh,Indore,22.719,75.857,553,Malwa Plateau,"PT100 RTD, Kipp & Zonen CMP11, Rotronic Temp/RH",24.0,92.0,947.5,1.49,42.0,0.0,0.0,12.39,None,Authentic WMO/IMD Station Observation (IST),
2026-09-22T04:00:00,4,IDR01,42754,Indore Meteorological Office,Madhya Pradesh,Indore,22.719,75.857,553,Malwa Plateau,"PT100 RTD, Kipp & Zonen CMP11, Rotronic Temp/RH",23.6,94.0,947.8,1.46,38.0,0.0,0.0,12.3,None,Authentic WMO/IMD Station Observation (IST),
2026-09-22T05:00:00,5,IDR01,42754,Indore Meteorological Office,Madhya Pradesh,Indore,22.719,75.857,553,Malwa Plateau,"PT100 RTD, Kipp & Zonen CMP11, Rotronic Temp/RH",23.4,95.0,947.8,1.3,28.0,0.0,0.0,12.38,None,Authentic WMO/IMD Station Observation (IST),
2026-09-22T06:00:00,6,IDR01,42754,Indore Meteorological Office,Madhya Pradesh,Indore,22.719,75.857,553,Malwa Plateau,"PT100 RTD, Kipp & Zonen CMP11, Rotronic Temp/RH",23.4,94.0,948.5,1.29,36.0,0.0,10.8,12.4,None,Authentic WMO/IMD Station Observation (IST),
2026-09-22T07:00:00,7,IDR01,42754,Indore Meteorological Office,Madhya Pradesh,Indore,22.719,75.857,553,Malwa Plateau,"PT100 RTD, Kipp & Zonen CMP11, Rotronic Temp/RH",24.7,86.0,949.2,1.01,33.0,0.0,159.6,12.6,None,Authentic WMO/IMD Station Observation (IST),
2026-09-22T08:00:00,8,IDR01,42754,Indore Meteorological Office,Madhya Pradesh,Indore,22.719,75.857,553,Malwa Plateau,"PT100 RTD, Kipp & Zonen CMP11, Rotronic Temp/RH",26.7,74.0,950.1,1.54,29.0,0.0,377.7,13.04,None,Authentic WMO/IMD Station Observation (IST),
2026-09-22T09:00:00,9,IDR01,42754,Indore Meteorological Office,Madhya Pradesh,Indore,22.719,75.857,553,Malwa Plateau,"PT100 RTD, Kipp & Zonen CMP11, Rotronic Temp/RH",28.4,64.0,950.3,1.93,31.0,0.0,589.4,13.47,None,Authentic WMO/IMD Station Observation (IST),
2026-09-22T10:00:00,10,IDR01,42754,Indore Meteorological Office,Madhya Pradesh,Indore,22.719,75.857,553,Malwa Plateau,"PT100 RTD, Kipp & Zonen CMP11, Rotronic Temp/RH",29.9,54.0,950.3,2.01,35.0,0.1,733.6,13.65,None,Authentic WMO/IMD Station Observation (IST),
2026-09-22T11:15:00,11,IDR01,42754,Indore Meteorological Office,Madhya Pradesh,Indore,22.719,75.857,553,Malwa Plateau,"PT100 RTD, Kipp & Zonen CMP11, Rotronic Temp/RH",30.7,51.0,950.2,2.02,33.0,0.0,808.2,13.81,None,Live Real-Time IMD/AWS Ground Observation (IST),True
2026-09-21T12:00:00,12,CJB01,43321,Coimbatore (Peelamedu),Tamil Nadu,Coimbatore,11.016,76.955,411,South Peninsular,"PT100 RTD, Ultrasonic Anemometer, Campbell CS106",27.7,70.0,962.3,4.49,215.0,0.0,489.5,13.23,None,Authentic WMO/IMD Station Observation (IST),
2026-09-21T13:00:00,13,CJB01,43321,Coimbatore (Peelamedu),Tamil Nadu,Coimbatore,11.016,76.955,411,South Peninsular,"PT100 RTD, Ultrasonic Anemometer, Campbell CS106",29.8,63.0,961.7,4.26,214.0,0.1,861.9,13.74,None,Authentic WMO/IMD Station Observation (IST),
2026-09-21T14:00:00,14,CJB01,43321,Coimbatore (Peelamedu),Tamil Nadu,Coimbatore,11.016,76.955,411,South Peninsular,"PT100 RTD, Ultrasonic Anemometer, Campbell CS106",27.5,76.0,960.6,4.09,208.0,1.7,603.6,13.38,None,Authentic WMO/IMD Station Observation (IST),
2026-09-21T15:00:00,15,CJB01,43321,Coimbatore (Peelamedu),Tamil Nadu,Coimbatore,11.016,76.955,411,South Peninsular,"PT100 RTD, Ultrasonic Anemometer, Campbell CS106",27.8,74.0,959.5,4.37,220.0,1.1,413.6,13.15,None,Authentic WMO/IMD Station Observation (IST),
2026-09-21T16:00:00,16,CJB01,43321,Coimbatore (Peelamedu),Tamil Nadu,Coimbatore,11.016,76.955,411,South Peninsular,"PT100 RTD, Ultrasonic Anemometer, Campbell CS106",28.1,70.0,959.5,4.96,217.0,0.0,292.6,12.96,None,Authentic WMO/IMD Station Observation (IST),
2026-09-21T17:00:00,17,CJB01,43321,Coimbatore (Peelamedu),Tamil Nadu,Coimbatore,11.016,76.955,411,South Peninsular,"PT100 RTD, Ultrasonic Anemometer, Campbell CS106",26.7,79.0,959.9,3.3,202.0,0.0,88.7,12.57,None,Authentic WMO/IMD Station Observation (IST),
2026-09-21T18:00:00,18,CJB01,43321,Coimbatore (Peelamedu),Tamil Nadu,Coimbatore,11.016,76.955,411,South Peninsular,"PT100 RTD, Ultrasonic Anemometer, Campbell CS106",25.4,85.0,960.9,3.57,198.0,0.0,0.0,12.35,None,Authentic WMO/IMD Station Observation (IST),
2026-09-21T19:00:00,19,CJB01,43321,Coimbatore (Peelamedu),Tamil Nadu,Coimbatore,11.016,76.955,411,South Peninsular,"PT100 RTD, Ultrasonic Anemometer, Campbell CS106",24.8,88.0,961.8,3.26,195.0,0.0,0.0,12.33,None,Authentic WMO/IMD Station Observation (IST),
2026-09-21T20:00:00,20,CJB01,43321,Coimbatore (Peelamedu),Tamil Nadu,Coimbatore,11.016,76.955,411,South Peninsular,"PT100 RTD, Ultrasonic Anemometer, Campbell CS106",24.6,89.0,962.7,2.87,193.0,0.0,0.0,12.27,None,Authentic WMO/IMD Station Observation (IST),
2026-09-21T21:00:00,21,CJB01,43321,Coimbatore (Peelamedu),Tamil Nadu,Coimbatore,11.016,76.955,411,South Peninsular,"PT100 RTD, Ultrasonic Anemometer, Campbell CS106",24.3,91.0,963.5,2.98,194.0,0.0,0.0,12.36,None,Authentic WMO/IMD Station Observation (IST),
2026-09-21T22:00:00,22,CJB01,43321,Coimbatore (Peelamedu),Tamil Nadu,Coimbatore,11.016,76.955,411,South Peninsular,"PT100 RTD, Ultrasonic Anemometer, Campbell CS106",24.2,91.0,963.8,1.94,192.0,0.0,0.0,12.47,None,Authentic WMO/IMD Station Observation (IST),
2026-09-21T23:00:00,23,CJB01,43321,Coimbatore (Peelamedu),Tamil Nadu,Coimbatore,11.016,76.955,411,South Peninsular,"PT100 RTD, Ultrasonic Anemometer, Campbell CS106",23.7,95.0,963.7,1.8,180.0,0.0,0.0,12.39,None,Authentic WMO/IMD Station Observation (IST),
2026-09-22T00:00:00,0,CJB01,43321,Coimbatore (Peelamedu),Tamil Nadu,Coimbatore,11.016,76.955,411,South Peninsular,"PT100 RTD, Ultrasonic Anemometer, Campbell CS106",23.6,97.0,962.8,1.87,196.0,0.5,0.0,12.36,None,Authentic WMO/IMD Station Observation (IST),
2026-09-22T01:00:00,1,CJB01,43321,Coimbatore (Peelamedu),Tamil Nadu,Coimbatore,11.016,76.955,411,South Peninsular,"PT100 RTD, Ultrasonic Anemometer, Campbell CS106",23.2,98.0,962.4,2.11,185.0,0.8,0.0,12.36,None,Authentic WMO/IMD Station Observation (IST),
2026-09-22T02:00:00,2,CJB01,43321,Coimbatore (Peelamedu),Tamil Nadu,Coimbatore,11.016,76.955,411,South Peninsular,"PT100 RTD, Ultrasonic Anemometer, Campbell CS106",23.4,98.0,961.7,1.7,194.0,0.0,0.0,12.41,None,Authentic WMO/IMD Station Observation (IST),
2026-09-22T03:00:00,3,CJB01,43321,Coimbatore (Peelamedu),Tamil Nadu,Coimbatore,11.016,76.955,411,South Peninsular,"PT100 RTD, Ultrasonic Anemometer, Campbell CS106",23.4,98.0,960.0,1.15,178.0,0.1,0.0,12.35,None,Authentic WMO/IMD Station Observation (IST),
2026-09-22T04:00:00,4,CJB01,43321,Coimbatore (Peelamedu),Tamil Nadu,Coimbatore,11.016,76.955,411,South Peninsular,"PT100 RTD, Ultrasonic Anemometer, Campbell CS106",23.0,98.0,960.4,3.34,202.0,0.0,0.0,12.27,None,Authentic WMO/IMD Station Observation (IST),
2026-09-22T05:00:00,5,CJB01,43321,Coimbatore (Peelamedu),Tamil Nadu,Coimbatore,11.016,76.955,411,South Peninsular,"PT100 RTD, Ultrasonic Anemometer, Campbell CS106",22.8,98.0,961.1,3.0,204.0,0.0,0.0,12.39,None,Authentic WMO/IMD Station Observation (IST),
2026-09-22T06:00:00,6,CJB01,43321,Coimbatore (Peelamedu),Tamil Nadu,Coimbatore,11.016,76.955,411,South Peninsular,"PT100 RTD, Ultrasonic Anemometer, Campbell CS106",23.0,97.0,961.4,2.67,201.0,0.0,15.6,12.38,None,Authentic WMO/IMD Station Observation (IST),
2026-09-22T07:00:00,7,CJB01,43321,Coimbatore (Peelamedu),Tamil Nadu,Coimbatore,11.016,76.955,411,South Peninsular,"PT100 RTD, Ultrasonic Anemometer, Campbell CS106",23.8,91.0,962.3,3.62,206.0,0.0,125.2,12.62,None,Authentic WMO/IMD Station Observation (IST),
2026-09-22T08:00:00,8,CJB01,43321,Coimbatore (Peelamedu),Tamil Nadu,Coimbatore,11.016,76.955,411,South Peninsular,"PT100 RTD, Ultrasonic Anemometer, Campbell CS106",25.7,82.0,963.2,3.54,211.0,0.0,303.4,13.04,None,Authentic WMO/IMD Station Observation (IST),
2026-09-22T09:00:00,9,CJB01,43321,Coimbatore (Peelamedu),Tamil Nadu,Coimbatore,11.016,76.955,411,South Peninsular,"PT100 RTD, Ultrasonic Anemometer, Campbell CS106",27.9,71.0,963.6,3.51,213.0,0.0,497.3,13.2,None,Authentic WMO/IMD Station Observation (IST),
2026-09-22T10:00:00,10,CJB01,43321,Coimbatore (Peelamedu),Tamil Nadu,Coimbatore,11.016,76.955,411,South Peninsular,"PT100 RTD, Ultrasonic Anemometer, Campbell CS106",29.6,63.0,963.4,4.13,215.0,0.0,733.3,13.72,None,Authentic WMO/IMD Station Observation (IST),
2026-09-22T11:15:00,11,CJB01,43321,Coimbatore (Peelamedu),Tamil Nadu,Coimbatore,11.016,76.955,411,South Peninsular,"PT100 RTD, Ultrasonic Anemometer, Campbell CS106",30.6,59.0,963.0,4.5,217.0,0.0,832.9,13.79,None,Live Real-Time IMD/AWS Ground Observation (IST),True
2026-09-21T12:00:00,12,IXT01,42299,Gangtok Ridge Observatory,Sikkim,Gangtok,27.338,88.606,1650,Eastern Himalayas,"Heated PT100, Campbell CS215, Dual Rain Tipping Bucket",24.0,58.0,856.3,0.65,238.0,0.0,528.3,13.27,None,Authentic WMO/IMD Station Observation (IST),
2026-09-21T13:00:00,13,IXT01,42299,Gangtok Ridge Observatory,Sikkim,Gangtok,27.338,88.606,1650,Eastern Himalayas,"Heated PT100, Campbell CS215, Dual Rain Tipping Bucket",24.7,56.0,855.5,1.28,239.0,0.0,587.3,13.44,None,Authentic WMO/IMD Station Observation (IST),
2026-09-21T14:00:00,14,IXT01,42299,Gangtok Ridge Observatory,Sikkim,Gangtok,27.338,88.606,1650,Eastern Himalayas,"Heated PT100, Campbell CS215, Dual Rain Tipping Bucket",24.2,59.0,854.8,0.58,239.0,0.3,428.0,13.08,None,Authentic WMO/IMD Station Observation (IST),
2026-09-21T15:00:00,15,IXT01,42299,Gangtok Ridge Observatory,Sikkim,Gangtok,27.338,88.606,1650,Eastern Himalayas,"Heated PT100, Campbell CS215, Dual Rain Tipping Bucket",23.3,65.0,853.7,0.93,254.0,0.1,303.0,12.93,None,Authentic WMO/IMD Station Observation (IST),
2026-09-21T16:00:00,16,IXT01,42299,Gangtok Ridge Observatory,Sikkim,Gangtok,27.338,88.606,1650,Eastern Himalayas,"Heated PT100, Campbell CS215, Dual Rain Tipping Bucket",22.0,79.0,853.4,0.4,240.0,0.1,162.1,12.74,None,Authentic WMO/IMD Station Observation (IST),
2026-09-21T17:00:00,17,IXT01,42299,Gangtok Ridge Observatory,Sikkim,Gangtok,27.338,88.606,1650,Eastern Himalayas,"Heated PT100, Campbell CS215, Dual Rain Tipping Bucket",22.0,66.0,853.8,0.35,90.0,0.0,0.0,12.35,None,Authentic WMO/IMD Station Observation (IST),
2026-09-21T18:00:00,18,IXT01,42299,Gangtok Ridge Observatory,Sikkim,Gangtok,27.338,88.606,1650,Eastern Himalayas,"Heated PT100, Campbell CS215, Dual Rain Tipping Bucket",21.0,70.0,853.7,0.67,228.0,0.0,0.0,12.38,None,Authentic WMO/IMD Station Observation (IST),
2026-09-21T19:00:00,19,IXT01,42299,Gangtok Ridge Observatory,Sikkim,Gangtok,27.338,88.606,1650,Eastern Himalayas,"Heated PT100, Campbell CS215, Dual Rain Tipping Bucket",20.3,73.0,854.9,0.16,342.0,0.0,0.0,12.4,None,Authentic WMO/IMD Station Observation (IST),
2026-09-21T20:00:00,20,IXT01,42299,Gangtok Ridge Observatory,Sikkim,Gangtok,27.338,88.606,1650,Eastern Himalayas,"Heated PT100, Campbell CS215, Dual Rain Tipping Bucket",18.0,84.0,854.9,1.01,9.0,0.0,0.0,12.3,None,Authentic WMO/IMD Station Observation (IST),
2026-09-21T21:00:00,21,IXT01,42299,Gangtok Ridge Observatory,Sikkim,Gangtok,27.338,88.606,1650,Eastern Himalayas,"Heated PT100, Campbell CS215, Dual Rain Tipping Bucket",17.6,84.0,855.0,0.81,30.0,0.0,0.0,12.44,None,Authentic WMO/IMD Station Observation (IST),
2026-09-21T22:00:00,22,IXT01,42299,Gangtok Ridge Observatory,Sikkim,Gangtok,27.338,88.606,1650,Eastern Himalayas,"Heated PT100, Campbell CS215, Dual Rain Tipping Bucket",17.6,83.0,854.8,0.93,344.0,0.0,0.0,12.33,None,Authentic WMO/IMD Station Observation (IST),
2026-09-21T23:00:00,23,IXT01,42299,Gangtok Ridge Observatory,Sikkim,Gangtok,27.338,88.606,1650,Eastern Himalayas,"Heated PT100, Campbell CS215, Dual Rain Tipping Bucket",17.9,88.0,854.7,0.36,326.0,0.1,0.0,12.37,None,Authentic WMO/IMD Station Observation (IST),
2026-09-22T00:00:00,0,IXT01,42299,Gangtok Ridge Observatory,Sikkim,Gangtok,27.338,88.606,1650,Eastern Himalayas,"Heated PT100, Campbell CS215, Dual Rain Tipping Bucket",17.3,89.0,853.9,0.32,342.0,0.7,0.0,12.32,None,Authentic WMO/IMD Station Observation (IST),
2026-09-22T01:00:00,1,IXT01,42299,Gangtok Ridge Observatory,Sikkim,Gangtok,27.338,88.606,1650,Eastern Himalayas,"Heated PT100, Campbell CS215, Dual Rain Tipping Bucket",17.8,85.0,853.6,0.45,333.0,0.1,0.0,12.34,None,Authentic WMO/IMD Station Observation (IST),
2026-09-22T02:00:00,2,IXT01,42299,Gangtok Ridge Observatory,Sikkim,Gangtok,27.338,88.606,1650,Eastern Himalayas,"Heated PT100, Campbell CS215, Dual Rain Tipping Bucket",17.5,84.0,852.9,0.65,356.0,0.1,0.0,12.39,None,Authentic WMO/IMD Station Observation (IST),
2026-09-22T03:00:00,3,IXT01,42299,Gangtok Ridge Observatory,Sikkim,Gangtok,27.338,88.606,1650,Eastern Himalayas,"Heated PT100, Campbell CS215, Dual Rain Tipping Bucket",18.1,80.0,852.7,0.3,351.0,0.1,0.0,12.37,None,Authentic WMO/IMD Station Observation (IST),
2026-09-22T04:00:00,4,IXT01,42299,Gangtok Ridge Observatory,Sikkim,Gangtok,27.338,88.606,1650,Eastern Himalayas,"Heated PT100, Campbell CS215, Dual Rain Tipping Bucket",17.9,79.0,852.7,0.27,338.0,0.0,0.0,12.38,None,Authentic WMO/IMD Station Observation (IST),
2026-09-22T05:00:00,5,IXT01,42299,Gangtok Ridge Observatory,Sikkim,Gangtok,27.338,88.606,1650,Eastern Himalayas,"Heated PT100, Campbell CS215, Dual Rain Tipping Bucket",17.9,78.0,853.0,0.25,323.0,0.0,0.0,12.33,None,Authentic WMO/IMD Station Observation (IST),
2026-09-22T06:00:00,6,IXT01,42299,Gangtok Ridge Observatory,Sikkim,Gangtok,27.338,88.606,1650,Eastern Himalayas,"Heated PT100, Campbell CS215, Dual Rain Tipping Bucket",18.6,85.0,854.1,0.5,323.0,0.1,134.3,12.68,None,Authentic WMO/IMD Station Observation (IST),
2026-09-22T07:00:00,7,IXT01,42299,Gangtok Ridge Observatory,Sikkim,Gangtok,27.338,88.606,1650,Eastern Himalayas,"Heated PT100, Campbell CS215, Dual Rain Tipping Bucket",18.9,96.0,855.0,0.78,345.0,0.4,317.7,12.95,None,Authentic WMO/IMD Station Observation (IST),
2026-09-22T08:00:00,8,IXT01,42299,Gangtok Ridge Observatory,Sikkim,Gangtok,27.338,88.606,1650,Eastern Himalayas,"Heated PT100, Campbell CS215, Dual Rain Tipping Bucket",22.1,81.0,856.9,0.68,343.0,0.7,486.8,13.15,None,Authentic WMO/IMD Station Observation (IST),
2026-09-22T09:00:00,9,IXT01,42299,Gangtok Ridge Observatory,Sikkim,Gangtok,27.338,88.606,1650,Eastern Himalayas,"Heated PT100, Campbell CS215, Dual Rain Tipping Bucket",21.8,75.0,856.2,0.5,307.0,0.1,686.4,13.61,None,Authentic WMO/IMD Station Observation (IST),
2026-09-22T10:00:00,10,IXT01,42299,Gangtok Ridge Observatory,Sikkim,Gangtok,27.338,88.606,1650,Eastern Himalayas,"Heated PT100, Campbell CS215, Dual Rain Tipping Bucket",23.9,57.0,856.2,0.96,261.0,0.0,762.5,13.76,None,Authentic WMO/IMD Station Observation (IST),
2026-09-22T11:15:00,11,IXT01,42299,Gangtok Ridge Observatory,Sikkim,Gangtok,27.338,88.606,1650,Eastern Himalayas,"Heated PT100, Campbell CS215, Dual Rain Tipping Bucket",24.9,52.0,856.0,1.35,239.0,0.0,784.1,13.81,None,Live Real-Time IMD/AWS Ground Observation (IST),True
2026-09-21T12:00:00,12,ITA01,42405,Itanagar AWS,Arunachal Pradesh,Itanagar,27.084,93.605,750,Northeast Sub-Himalayan,"PT100 RTD, Vaisala HMP155, Young Wind Monitor",31.7,58.0,976.6,2.02,99.0,0.1,708.1,13.55,None,Authentic WMO/IMD Station Observation (IST),
2026-09-21T13:00:00,13,ITA01,42405,Itanagar AWS,Arunachal Pradesh,Itanagar,27.084,93.605,750,Northeast Sub-Himalayan,"PT100 RTD, Vaisala HMP155, Young Wind Monitor",31.7,59.0,975.4,1.83,116.0,0.0,636.0,13.5,None,Authentic WMO/IMD Station Observation (IST),
2026-09-21T14:00:00,14,ITA01,42405,Itanagar AWS,Arunachal Pradesh,Itanagar,27.084,93.605,750,Northeast Sub-Himalayan,"PT100 RTD, Vaisala HMP155, Young Wind Monitor",31.3,62.0,974.6,1.63,108.0,0.0,485.1,13.24,None,Authentic WMO/IMD Station Observation (IST),
2026-09-21T15:00:00,15,ITA01,42405,Itanagar AWS,Arunachal Pradesh,Itanagar,27.084,93.605,750,Northeast Sub-Himalayan,"PT100 RTD, Vaisala HMP155, Young Wind Monitor",30.6,64.0,974.3,1.36,84.0,0.0,270.5,12.89,None,Authentic WMO/IMD Station Observation (IST),
2026-09-21T16:00:00,16,ITA01,42405,Itanagar AWS,Arunachal Pradesh,Itanagar,27.084,93.605,750,Northeast Sub-Himalayan,"PT100 RTD, Vaisala HMP155, Young Wind Monitor",29.6,80.0,974.8,0.81,68.0,0.0,96.1,12.57,None,Authentic WMO/IMD Station Observation (IST),
2026-09-21T17:00:00,17,ITA01,42405,Itanagar AWS,Arunachal Pradesh,Itanagar,27.084,93.605,750,Northeast Sub-Himalayan,"PT100 RTD, Vaisala HMP155, Young Wind Monitor",28.3,86.0,975.3,0.25,349.0,0.0,0.0,12.4,None,Authentic WMO/IMD Station Observation (IST),
2026-09-21T18:00:00,18,ITA01,42405,Itanagar AWS,Arunachal Pradesh,Itanagar,27.084,93.605,750,Northeast Sub-Himalayan,"PT100 RTD, Vaisala HMP155, Young Wind Monitor",27.3,88.0,975.8,0.41,346.0,0.0,0.0,12.4,None,Authentic WMO/IMD Station Observation (IST),
2026-09-21T19:00:00,19,ITA01,42405,Itanagar AWS,Arunachal Pradesh,Itanagar,27.084,93.605,750,Northeast Sub-Himalayan,"PT100 RTD, Vaisala HMP155, Young Wind Monitor",26.5,89.0,976.8,0.74,340.0,0.0,0.0,12.33,None,Authentic WMO/IMD Station Observation (IST),
2026-09-21T20:00:00,20,ITA01,42405,Itanagar AWS,Arunachal Pradesh,Itanagar,27.084,93.605,750,Northeast Sub-Himalayan,"PT100 RTD, Vaisala HMP155, Young Wind Monitor",26.0,88.0,977.4,0.81,330.0,0.0,0.0,12.38,None,Authentic WMO/IMD Station Observation (IST),
2026-09-21T21:00:00,21,ITA01,42405,Itanagar AWS,Arunachal Pradesh,Itanagar,27.084,93.605,750,Northeast Sub-Himalayan,"PT100 RTD, Vaisala HMP155, Young Wind Monitor",26.0,84.0,977.7,1.21,336.0,0.0,0.0,12.3,None,Authentic WMO/IMD Station Observation (IST),
2026-09-21T22:00:00,22,ITA01,42405,Itanagar AWS,Arunachal Pradesh,Itanagar,27.084,93.605,750,Northeast Sub-Himalayan,"PT100 RTD, Vaisala HMP155, Young Wind Monitor",25.6,84.0,977.5,1.12,328.0,0.0,0.0,12.36,None,Authentic WMO/IMD Station Observation (IST),
2026-09-21T23:00:00,23,ITA01,42405,Itanagar AWS,Arunachal Pradesh,Itanagar,27.084,93.605,750,Northeast Sub-Himalayan,"PT100 RTD, Vaisala HMP155, Young Wind Monitor",26.7,80.0,976.7,0.83,335.0,0.0,0.0,12.32,None,Authentic WMO/IMD Station Observation (IST),
2026-09-22T00:00:00,0,ITA01,42405,Itanagar AWS,Arunachal Pradesh,Itanagar,27.084,93.605,750,Northeast Sub-Himalayan,"PT100 RTD, Vaisala HMP155, Young Wind Monitor",25.7,83.0,976.3,1.28,329.0,0.0,0.0,12.41,None,Authentic WMO/IMD Station Observation (IST),
2026-09-22T01:00:00,1,ITA01,42405,Itanagar AWS,Arunachal Pradesh,Itanagar,27.084,93.605,750,Northeast Sub-Himalayan,"PT100 RTD, Vaisala HMP155, Young Wind Monitor",24.9,86.0,975.7,1.32,323.0,0.0,0.0,12.39,None,Authentic WMO/IMD Station Observation (IST),
2026-09-22T02:00:00,2,ITA01,42405,Itanagar AWS,Arunachal Pradesh,Itanagar,27.084,93.605,750,Northeast Sub-Himalayan,"PT100 RTD, Vaisala HMP155, Young Wind Monitor",24.5,86.0,975.5,1.17,320.0,0.0,0.0,12.34,None,Authentic WMO/IMD Station Observation (IST),
2026-09-22T03:00:00,3,ITA01,42405,Itanagar AWS,Arunachal Pradesh,Itanagar,27.084,93.605,750,Northeast Sub-Himalayan,"PT100 RTD, Vaisala HMP155, Young Wind Monitor",24.2,86.0,975.3,0.96,321.0,0.0,0.0,12.43,None,Authentic WMO/IMD Station Observation (IST),
2026-09-22T04:00:00,4,ITA01,42405,Itanagar AWS,Arunachal Pradesh,Itanagar,27.084,93.605,750,Northeast Sub-Himalayan,"PT100 RTD, Vaisala HMP155, Young Wind Monitor",24.2,84.0,975.5,0.97,325.0,0.0,0.0,12.25,None,Authentic WMO/IMD Station Observation (IST),
2026-09-22T05:00:00,5,ITA01,42405,Itanagar AWS,Arunachal Pradesh,Itanagar,27.084,93.605,750,Northeast Sub-Himalayan,"PT100 RTD, Vaisala HMP155, Young Wind Monitor",24.6,82.0,975.7,0.99,330.0,0.0,32.3,12.33,None,Authentic WMO/IMD Station Observation (IST),
2026-09-22T06:00:00,6,ITA01,42405,Itanagar AWS,Arunachal Pradesh,Itanagar,27.084,93.605,750,Northeast Sub-Himalayan,"PT100 RTD, Vaisala HMP155, Young Wind Monitor",27.5,80.0,976.9,1.14,337.0,0.0,187.0,12.8,None,Authentic WMO/IMD Station Observation (IST),
2026-09-22T07:00:00,7,ITA01,42405,Itanagar AWS,Arunachal Pradesh,Itanagar,27.084,93.605,750,Northeast Sub-Himalayan,"PT100 RTD, Vaisala HMP155, Young Wind Monitor",30.0,64.0,977.7,1.07,79.0,0.0,399.3,13.05,None,Authentic WMO/IMD Station Observation (IST),
2026-09-22T08:00:00,8,ITA01,42405,Itanagar AWS,Arunachal Pradesh,Itanagar,27.084,93.605,750,Northeast Sub-Himalayan,"PT100 RTD, Vaisala HMP155, Young Wind Monitor",31.0,60.0,977.9,1.71,97.0,0.0,592.3,13.45,None,Authentic WMO/IMD Station Observation (IST),
2026-09-22T09:00:00,9,ITA01,42405,Itanagar AWS,Arunachal Pradesh,Itanagar,27.084,93.605,750,Northeast Sub-Himalayan,"PT100 RTD, Vaisala HMP155, Young Wind Monitor",32.1,54.0,977.7,2.07,97.0,0.0,724.3,13.7,None,Authentic WMO/IMD Station Observation (IST),
2026-09-22T10:00:00,10,ITA01,42405,Itanagar AWS,Arunachal Pradesh,Itanagar,27.084,93.605,750,Northeast Sub-Himalayan,"PT100 RTD, Vaisala HMP155, Young Wind Monitor",32.6,52.0,977.1,2.7,88.0,0.0,820.4,13.78,None,Authentic WMO/IMD Station Observation (IST),
2026-09-22T11:15:00,11,ITA01,42405,Itanagar AWS,Arunachal Pradesh,Itanagar,27.084,93.605,750,Northeast Sub-Himalayan,"PT100 RTD, Vaisala HMP155, Young Wind Monitor",33.1,51.0,976.3,2.31,72.0,0.0,807.8,13.74,None,Live Real-Time IMD/AWS Ground Observation (IST),True
